,ExternalRiskEstimate,MSinceOldestTradeOpen,MSinceMostRecentTradeOpen,AverageMInFile,NumSatisfactoryTrades,NumTrades60Ever2DerogPubRec,NumTrades90Ever2DerogPubRec,PercentTradesNeverDelq,MSinceMostRecentDelq,MaxDelq2PublicRecLast12M,MaxDelqEver,NumTotalTrades,NumTradesOpeninLast12M,PercentInstallTrades,MSinceMostRecentInqexcl7days,NumInqLast6M,NumInqLast6Mexcl7days,NetFractionRevolvingBurden,NetFractionInstallBurden,NumRevolvingTradesWBalance,NumInstallTradesWBalance,NumBank2NatlTradesWHighUtilization,PercentTradesWBalance,CfExternalRiskEstimate,CfMSinceOldestTradeOpen,CfMSinceMostRecentTradeOpen,CfAverageMInFile,CfNumSatisfactoryTrades,CfNumTrades60Ever2DerogPubRec,CfNumTrades90Ever2DerogPubRec,CfPercentTradesNeverDelq,CfMSinceMostRecentDelq,CfMaxDelq2PublicRecLast12M,CfMaxDelqEver,CfNumTotalTrades,CfNumTradesOpeninLast12M,CfPercentInstallTrades,CfMSinceMostRecentInqexcl7days,CfNumInqLast6M,CfNumInqLast6Mexcl7days,CfNetFractionRevolvingBurden,CfNetFractionInstallBurden,CfNumRevolvingTradesWBalance,CfNumInstallTradesWBalance,CfNumBank2NatlTradesWHighUtilization,CfPercentTradesWBalance,GoalValue,GoalScore,GoalName,method,model
0,63,309,36,112,17,2,1,68,7,2,4,19,0,16,0,1,1,54,-8,5,1,2,67,65.06066131591797,309.0,36.0,112.0,18.754730224609375,2.0,1.0,68.0,7.0,2.974167585372925,2.8836464881896973,19.0,0.0,16.0,1.9491499662399292,0.133626326918602,1.0,54.0,-8.0,3.255063772201538,2.8421127796173096,2.0,67.0,1,0.5143668055534363,RiskPerformance,Alibi-Standard,XGBoost
1,63,309,36,112,17,2,1,68,7,2,4,19,0,16,0,1,1,54,-8,5,1,2,67,65.67860412597656,309.0,36.0,112.0,19.34280014038086,2.0,1.0,68.0,7.0,2.7620699405670166,2.8976497650146484,19.0,0.0,16.0,2.471031904220581,0.2980582118034363,1.0,54.0,-8.0,3.096768856048584,3.1824703216552734,2.0,67.0,1,0.5371783971786499,RiskPerformance,Alibi-Standard,XGBoost
2,63,309,36,112,17,2,1,68,7,2,4,19,0,16,0,1,1,54,-8,5,1,2,67,66.251708984375,309.0,36.0,112.0,19.796201705932617,2.0,1.0,68.0,7.0,2.5593724250793457,2.9995720386505127,19.0,0.0,16.0,2.8831143379211426,0.5490353107452393,1.0,54.0,-8.0,3.076071262359619,3.473764181137085,2.0,67.0,1,0.5476658940315247,RiskPerformance,Alibi-Standard,XGBoost
3,63,309,36,112,17,2,1,68,7,2,4,19,0,16,0,1,1,54,-8,5,1,2,67,66.66717529296875,309.0,36.0,112.0,20.140790939331055,2.0,1.0,68.0,7.0,2.3586833477020264,3.167283296585083,19.0,0.0,16.0,3.211555004119873,0.8608495593070984,1.0,54.0,-8.0,3.1556553840637207,3.7263312339782715,2.0,67.0,1,0.5526928901672363,RiskPerformance,Alibi-Standard,XGBoost
4,63,309,36,112,17,2,1,68,7,2,4,19,0,16,0,1,1,54,-8,5,1,2,67,66.958984375,309.0,36.0,112.0,20.285932540893555,2.0,1.0,68.0,7.0,2.156625270843506,3.3859894275665283,19.0,0.0,16.0,3.4734182357788086,1.2172443866729736,1.0,54.0,-8.0,3.3112094402313232,3.9477691650390625,2.0,67.0,1,0.5526928901672363,RiskPerformance,Alibi-Standard,XGBoost
5,63,309,36,112,17,2,1,68,7,2,4,19,0,16,0,1,1,54,-8,5,1,2,67,67.15106201171875,309.0,36.0,112.0,20.287139892578125,2.0,1.0,68.0,7.0,1.9527758359909058,3.6451499462127686,19.0,0.0,16.0,3.680682420730591,1.3103595972061157,1.0,54.0,-8.0,3.525838851928711,4.1439971923828125,2.0,67.0,1,0.5526928901672363,RiskPerformance,Alibi-Standard,XGBoost
6,63,309,36,112,17,2,1,68,7,2,4,19,0,16,0,1,1,54,-8,5,1,2,67,67.46309661865234,309.0,36.0,112.0,20.18097496032715,2.0,1.0,68.0,7.0,1.8698350191116333,3.9369122982025146,19.0,0.0,16.0,3.842209577560425,1.235421895980835,1.0,54.0,-8.0,3.7872517108917236,4.284931659698486,2.0,67.0,1,0.5526928901672363,RiskPerformance,Alibi-Standard,XGBoost
7,63,309,36,112,17,2,1,68,7,2,4,19,0,16,0,1,1,54,-8,5,1,2,67,67.8521728515625,309.0,36.0,112.0,19.99276351928711,2.0,1.0,68.0,7.0,1.8831998109817505,4.255230903625488,19.0,0.0,16.0,3.9648184776306152,1.04471755027771,1.0,54.0,-8.0,4.086193561553955,4.378911972045898,2.0,67.0,1,0.611009418964386,RiskPerformance,Alibi-Standard,XGBoost
8,63,309,36,112,17,2,1,68,7,2,4,19,0,16,0,1,1,54,-8,5,1,2,67,68.26899719238281,309.0,36.0,112.0,19.778127670288086,2.0,1.0,68.0,7.0,1.9742977619171143,4.373047351837158,19.0,0.0,16.0,4.0539164543151855,0.7854856848716736,1.0,54.0,-8.0,4.333820343017578,4.432562828063965,2.0,67.0,1,0.611009418964386,RiskPerformance,Alibi-Standard,XGBoost
9,63,309,36,112,17,2,1,68,7,2,4,19,0,16,0,1,1,54,-8,5,1,2,67,68.61270904541016,309.0,36.0,112.0,19.540996551513672,2.0,1.0,68.0,7.0,2.128772735595703,4.3469462394714355,19.0,0.0,16.0,4.113894462585449,0.6135589480400085,1.0,54.0,-8.0,4.536959171295166,4.451272487640381,2.0,67.0,1,0.5948615670204163,RiskPerformance,Alibi-Standard,XGBoost
10,63,309,36,112,17,2,1,68,7,2,4,19,0,16,0,1,1,54,-8,5,1,2,67,68.89463806152344,309.0,36.0,112.0,19.289705276489258,2.0,1.0,68.0,7.0,2.2308573722839355,4.206931114196777,19.0,0.0,16.0,4.148388385772705,0.5166015028953552,1.0,54.0,-8.0,4.691108226776123,4.439505577087402,2.0,67.0,1,0.5859955549240112,RiskPerformance,Alibi-Standard,XGBoost
11,63,309,36,112,17,2,1,68,7,2,4,19,0,16,0,1,1,54,-8,5,1,2,67,69.1233901977539,309.0,36.0,112.0,19.028654098510742,2.0,1.0,68.0,7.0,2.2898612022399902,3.978555679321289,19.0,0.0,16.0,4.160454273223877,0.48415040969848633,1.0,54.0,-8.0,4.795807361602783,4.40101957321167,2.0,67.0,1,0.5846384763717651,RiskPerformance,Alibi-Standard,XGBoost
12,63,309,36,112,17,2,1,68,7,2,4,19,0,16,0,1,1,54,-8,5,1,2,67,69.2701187133789,309.0,36.0,112.0,18.759538650512695,2.0,1.0,68.0,7.0,2.3114590644836426,3.820103406906128,19.0,0.0,16.0,4.15269660949707,0.5072161555290222,1.0,54.0,-8.0,4.856165885925293,4.339015960693359,2.0,67.0,1,0.5859955549240112,RiskPerformance,Alibi-Standard,XGBoost
13,63,309,36,112,17,2,1,68,7,2,4,19,0,16,0,1,1,54,-8,5,1,2,67,69.34632110595703,309.0,36.0,112.0,18.552473068237305,2.0,1.0,68.0,7.0,2.299741506576538,3.7226130962371826,19.0,0.0,16.0,4.12735652923584,0.5781402587890625,1.0,54.0,-8.0,4.878488063812256,4.256251811981201,2.0,67.0,1,0.5859955549240112,RiskPerformance,Alibi-Standard,XGBoost
14,63,309,36,112,17,2,1,68,7,2,4,19,0,16,0,1,1,54,-8,5,1,2,67,69.36156463623047,309.0,36.0,112.0,18.40011978149414,2.0,1.0,68.0,7.0,2.2586302757263184,3.678406238555908,19.0,0.0,16.0,4.0863823890686035,0.6904358863830566,1.0,54.0,-8.0,4.867259979248047,4.15512228012085,2.0,67.0,1,0.5649551153182983,RiskPerformance,Alibi-Standard,XGBoost
15,63,309,36,112,17,2,1,68,7,2,4,19,0,16,0,1,1,54,-8,5,1,2,67,69.32173156738281,309.0,36.0,112.0,18.311983108520508,2.0,1.0,68.0,7.0,2.1972639560699463,3.6808571815490723,19.0,0.0,16.0,4.0314788818359375,0.8390554189682007,1.0,54.0,-8.0,4.812376022338867,4.037724018096924,2.0,67.0,1,0.5649551153182983,RiskPerformance,Alibi-Standard,XGBoost
16,63,309,36,112,17,2,1,68,7,2,4,19,0,16,0,1,1,54,-8,5,1,2,67,69.23429107666016,309.0,36.0,112.0,18.279926300048828,2.0,1.0,68.0,7.0,2.117898941040039,3.7242136001586914,19.0,0.0,16.0,3.964148998260498,1.0191075801849365,1.0,54.0,-8.0,4.71938943862915,3.9059033393859863,2.0,67.0,1,0.5649551153182983,RiskPerformance,Alibi-Standard,XGBoost
17,63,309,36,112,17,2,1,68,7,2,4,19,0,16,0,1,1,54,-8,5,1,2,67,69.10566711425781,309.0,36.0,112.0,18.29688835144043,2.0,1.0,68.0,7.0,2.0225298404693604,3.8034560680389404,19.0,0.0,16.0,3.8857243061065674,1.0792943239212036,1.0,54.0,-8.0,4.593133926391602,3.788156509399414,2.0,67.0,1,0.5649551153182983,RiskPerformance,Alibi-Standard,XGBoost
18,63,309,36,112,17,2,1,68,7,2,4,19,0,16,0,1,1,54,-8,5,1,2,67,68.9414291381836,309.0,36.0,112.0,18.35671615600586,2.0,1.0,68.0,7.0,1.912927508354187,3.914185047149658,19.0,0.0,16.0,3.7973906993865967,1.0425235033035278,1.0,54.0,-8.0,4.437835216522217,3.6830146312713623,2.0,67.0,1,0.5876706838607788,RiskPerformance,Alibi-Standard,XGBoost
19,63,309,36,112,17,2,1,68,7,2,4,19,0,16,0,1,1,54,-8,5,1,2,67,68.774658203125,309.0,36.0,112.0,18.437435150146484,2.0,1.0,68.0,7.0,1.8850935697555542,4.052529811859131,19.0,0.0,16.0,3.700209140777588,0.9322534799575806,1.0,54.0,-8.0,4.26932430267334,3.58550763130188,2.0,67.0,1,0.5876706838607788,RiskPerformance,Alibi-Standard,XGBoost
20,63,309,36,112,17,2,1,68,7,2,4,19,0,16,0,1,1,54,-8,5,1,2,67,68.60565185546875,309.0,36.0,112.0,18.53670883178711,2.0,1.0,68.0,7.0,1.9267114400863647,4.075056076049805,19.0,0.0,16.0,3.5951316356658936,0.8749645352363586,1.0,54.0,-8.0,4.0891618728637695,3.4948530197143555,2.0,67.0,1,0.5947827100753784,RiskPerformance,Alibi-Standard,XGBoost
21,63,309,36,112,17,2,1,68,7,2,4,19,0,16,0,1,1,54,-8,5,1,2,67,68.43409729003906,309.0,36.0,112.0,18.648914337158203,2.0,1.0,68.0,7.0,2.0273730754852295,4.006826400756836,19.0,0.0,16.0,3.483015537261963,0.8641901016235352,1.0,54.0,-8.0,3.902956962585449,3.4089701175689697,2.0,67.0,1,0.5886003375053406,RiskPerformance,Alibi-Standard,XGBoost
22,63,309,36,112,17,2,1,68,7,2,4,19,0,16,0,1,1,54,-8,5,1,2,67,68.26078796386719,309.0,36.0,112.0,18.777023315429688,2.0,1.0,68.0,7.0,2.0894479751586914,3.8627586364746094,19.0,0.0,16.0,3.364635467529297,0.8945135474205017,1.0,54.0,-8.0,3.801708936691284,3.328381299972534,2.0,67.0,1,0.5886003375053406,RiskPerformance,Alibi-Standard,XGBoost
23,63,309,36,112,17,2,1,68,7,2,4,19,0,16,0,1,1,54,-8,5,1,2,67,68.08597564697266,309.0,36.0,112.0,18.919200897216797,2.0,1.0,68.0,7.0,2.1171629428863525,3.767836093902588,19.0,0.0,16.0,3.2406930923461914,0.9609962701797485,1.0,54.0,-8.0,3.7734148502349854,3.252558946609497,2.0,67.0,1,0.5886003375053406,RiskPerformance,Alibi-Standard,XGBoost
24,63,309,36,112,17,2,1,68,7,2,4,19,0,16,0,1,1,54,-8,5,1,2,67,67.90989685058594,309.0,36.0,112.0,19.07379913330078,2.0,1.0,68.0,7.0,2.1142995357513428,3.7165119647979736,19.0,0.0,16.0,3.1118252277374268,1.0592548847198486,1.0,54.0,-8.0,3.807772636413574,3.181032657623291,2.0,67.0,1,0.5886003375053406,RiskPerformance,Alibi-Standard,XGBoost
25,63,309,36,112,17,2,1,68,7,2,4,19,0,16,0,1,1,54,-8,5,1,2,67,67.84329223632812,309.0,36.0,112.0,19.17731475830078,2.0,1.0,68.0,7.0,2.0842459201812744,3.703836679458618,19.0,0.0,16.0,2.9786112308502197,1.0731632709503174,1.0,54.0,-8.0,3.8959083557128906,3.1133813858032227,2.0,67.0,1,0.5886003375053406,RiskPerformance,Alibi-Standard,XGBoost
26,63,309,36,112,17,2,1,68,7,2,4,19,0,16,0,1,1,54,-8,5,1,2,67,67.86675262451172,309.0,36.0,112.0,19.235551834106445,2.0,1.0,68.0,7.0,2.0300424098968506,3.725388288497925,19.0,0.0,16.0,2.8415794372558594,1.0160173177719116,1.0,54.0,-8.0,4.030154228210449,3.049229145050049,2.0,67.0,1,0.5886003375053406,RiskPerformance,Alibi-Standard,XGBoost
27,63,309,36,112,17,2,1,68,7,2,4,19,0,16,0,1,1,54,-8,5,1,2,67,67.964599609375,309.0,36.0,112.0,19.253694534301758,2.0,1.0,68.0,7.0,1.954419732093811,3.7772111892700195,19.0,0.0,16.0,2.7012126445770264,0.8989899754524231,1.0,54.0,-8.0,4.124870300292969,2.988239049911499,2.0,67.0,1,0.5886003375053406,RiskPerformance,Alibi-Standard,XGBoost
28,63,309,36,112,17,2,1,68,7,2,4,19,0,16,0,1,1,54,-8,5,1,2,67,68.12399291992188,309.0,36.0,112.0,19.236377716064453,2.0,1.0,68.0,7.0,1.9484269618988037,3.8557636737823486,19.0,0.0,16.0,2.5579521656036377,0.8297790288925171,1.0,54.0,-8.0,4.184348106384277,2.907402276992798,2.0,67.0,1,0.5886003375053406,RiskPerformance,Alibi-Standard,XGBoost
29,63,309,36,112,17,2,1,68,7,2,4,19,0,16,0,1,1,54,-8,5,1,2,67,68.25069427490234,309.0,36.0,112.0,19.187746047973633,2.0,1.0,68.0,7.0,2.002047061920166,3.957871913909912,19.0,0.0,16.0,2.412202835083008,0.802846372127533,1.0,54.0,-8.0,4.2124457359313965,2.8090052604675293,2.0,67.0,1,0.5886003375053406,RiskPerformance,Alibi-Standard,XGBoost
30,63,309,36,112,17,2,1,68,7,2,4,19,0,16,0,1,1,54,-8,5,1,2,67,68.3481216430664,309.0,36.0,112.0,19.111513137817383,2.0,1.0,68.0,7.0,2.0243349075317383,4.080689907073975,19.0,0.0,16.0,2.264336585998535,0.8132425546646118,1.0,54.0,-8.0,4.212632656097412,2.6951076984405518,2.0,67.0,1,0.5886003375053406,RiskPerformance,Alibi-Standard,XGBoost
31,63,309,36,112,17,2,1,68,7,2,4,19,0,16,0,1,1,54,-8,5,1,2,67,68.41935729980469,309.0,36.0,112.0,19.011003494262695,2.0,1.0,68.0,7.0,2.0187861919403076,4.110000133514404,19.0,0.0,16.0,2.1146950721740723,0.856541633605957,1.0,54.0,-8.0,4.18803071975708,2.567566156387329,2.0,67.0,1,0.5886003375053406,RiskPerformance,Alibi-Standard,XGBoost
32,63,309,36,112,17,2,1,68,7,2,4,19,0,16,0,1,1,54,-8,5,1,2,67,68.4671859741211,309.0,36.0,112.0,18.889198303222656,2.0,1.0,68.0,7.0,1.9885461330413818,4.0616607666015625,19.0,0.0,16.0,1.9635930061340332,0.9287835359573364,1.0,54.0,-8.0,4.141450881958008,2.428055763244629,2.0,67.0,1,0.5886003375053406,RiskPerformance,Alibi-Standard,XGBoost
33,63,309,36,112,17,2,1,68,7,2,4,19,0,16,0,1,1,54,-8,5,1,2,67,68.49411010742188,309.0,36.0,112.0,18.80565071105957,2.0,1.0,68.0,7.0,2.018247604370117,3.948773145675659,19.0,0.0,16.0,1.8697491884231567,1.0264235734939575,1.0,54.0,-8.0,4.075425148010254,2.278088092803955,2.0,67.0,1,0.5886003375053406,RiskPerformance,Alibi-Standard,XGBoost
34,63,309,36,112,17,2,1,68,7,2,4,19,0,16,0,1,1,54,-8,5,1,2,67,68.50240325927734,309.0,36.0,112.0,18.75609588623047,2.0,1.0,68.0,7.0,2.020294189453125,3.876009225845337,19.0,0.0,16.0,1.8261533975601196,1.0504332780838013,1.0,54.0,-8.0,3.992234706878662,2.1190288066864014,2.0,67.0,1,0.5947827100753784,RiskPerformance,Alibi-Standard,XGBoost
35,63,309,36,112,17,2,1,68,7,2,4,19,0,16,0,1,1,54,-8,5,1,2,67,68.49371337890625,309.0,36.0,112.0,18.732553482055664,2.0,1.0,68.0,7.0,1.996516466140747,3.838794469833374,19.0,0.0,16.0,1.8242692947387695,1.0130833387374878,1.0,54.0,-8.0,3.97153902053833,1.9521114826202393,2.0,67.0,1,0.5886003375053406,RiskPerformance,Alibi-Standard,XGBoost
36,63,309,36,112,17,2,1,68,7,2,4,19,0,16,0,1,1,54,-8,5,1,2,67,68.47032165527344,309.0,36.0,112.0,18.736196517944336,2.0,1.0,68.0,7.0,2.0296332836151123,3.8330211639404297,19.0,0.0,16.0,1.8611654043197632,0.9223453998565674,1.0,54.0,-8.0,4.004639148712158,1.864380955696106,2.0,67.0,1,0.5886003375053406,RiskPerformance,Alibi-Standard,XGBoost
37,63,309,36,112,17,2,1,68,7,2,4,19,0,16,0,1,1,54,-8,5,1,2,67,68.43389129638672,309.0,36.0,112.0,18.76386833190918,2.0,1.0,68.0,7.0,2.0357069969177246,3.8550009727478027,19.0,0.0,16.0,1.9318766593933105,0.8718772530555725,1.0,54.0,-8.0,4.011224269866943,1.8443268537521362,2.0,67.0,1,0.5886003375053406,RiskPerformance,Alibi-Standard,XGBoost
38,63,309,36,112,17,2,1,68,7,2,4,19,0,16,0,1,1,54,-8,5,1,2,67,68.38593292236328,309.0,36.0,112.0,18.812732696533203,2.0,1.0,68.0,7.0,2.017866373062134,3.901421070098877,19.0,0.0,16.0,2.0319857597351074,0.8569110035896301,1.0,54.0,-8.0,3.994353771209717,1.8820230960845947,2.0,67.0,1,0.5886003375053406,RiskPerformance,Alibi-Standard,XGBoost
39,63,309,36,112,17,2,1,68,7,2,4,19,0,16,0,1,1,54,-8,5,1,2,67,68.32779693603516,309.0,36.0,112.0,18.880233764648438,2.0,1.0,68.0,7.0,1.9789265394210815,3.969306468963623,19.0,0.0,16.0,2.1058406829833984,0.8731757998466492,1.0,54.0,-8.0,4.028783321380615,1.968890905380249,2.0,67.0,1,0.5886003375053406,RiskPerformance,Alibi-Standard,XGBoost
40,63,309,36,112,17,2,1,68,7,2,4,19,0,16,0,1,1,54,-8,5,1,2,67,68.2607192993164,309.0,36.0,112.0,18.96407699584961,2.0,1.0,68.0,7.0,1.9959797859191895,4.0559844970703125,19.0,0.0,16.0,2.156339406967163,0.9168460369110107,1.0,54.0,-8.0,4.037458419799805,2.0975019931793213,2.0,67.0,1,0.5886003375053406,RiskPerformance,Alibi-Standard,XGBoost
41,63,309,36,112,17,2,1,68,7,2,4,19,0,16,0,1,1,54,-8,5,1,2,67,68.18580627441406,309.0,36.0,112.0,19.062192916870117,2.0,1.0,68.0,7.0,2.0609183311462402,4.06741189956665,19.0,0.0,16.0,2.186094045639038,0.9844948053359985,1.0,54.0,-8.0,4.023397922515869,2.1904964447021484,2.0,67.0,1,0.5886003375053406,RiskPerformance,Alibi-Standard,XGBoost
42,63,309,36,112,17,2,1,68,7,2,4,19,0,16,0,1,1,54,-8,5,1,2,67,68.10406494140625,309.0,36.0,112.0,19.119976043701172,2.0,1.0,68.0,7.0,2.0970661640167236,4.015789031982422,19.0,0.0,16.0,2.197458505630493,1.0730522871017456,1.0,54.0,-8.0,3.989316463470459,2.2519466876983643,2.0,67.0,1,0.5886003375053406,RiskPerformance,Alibi-Standard,XGBoost
43,63,309,36,112,17,2,1,68,7,2,4,19,0,16,0,1,1,54,-8,5,1,2,67,68.01640319824219,309.0,36.0,112.0,19.142332077026367,2.0,1.0,68.0,7.0,2.107799768447876,3.9114391803741455,19.0,0.0,16.0,2.192554235458374,1.098078727722168,1.0,54.0,-8.0,4.006027698516846,2.285512924194336,2.0,67.0,1,0.5886003375053406,RiskPerformance,Alibi-Standard,XGBoost
44,63,309,36,112,17,2,1,68,7,2,4,19,0,16,0,1,1,54,-8,5,1,2,67,67.92364501953125,309.0,36.0,112.0,19.133644104003906,2.0,1.0,68.0,7.0,2.096153736114502,3.8419830799102783,19.0,0.0,16.0,2.173292636871338,1.0689855813980103,1.0,54.0,-8.0,4.000086784362793,2.2944836616516113,2.0,67.0,1,0.5886003375053406,RiskPerformance,Alibi-Standard,XGBoost
45,63,309,36,112,17,2,1,68,7,2,4,19,0,16,0,1,1,54,-8,5,1,2,67,67.90799713134766,309.0,36.0,112.0,19.09783172607422,2.0,1.0,68.0,7.0,2.064854145050049,3.80328369140625,19.0,0.0,16.0,2.1413965225219727,0.9939242005348206,1.0,54.0,-8.0,3.974238157272339,2.281813144683838,2.0,67.0,1,0.5886003375053406,RiskPerformance,Alibi-Standard,XGBoost
46,63,309,36,112,17,2,1,68,7,2,4,19,0,16,0,1,1,54,-8,5,1,2,67,67.95639038085938,309.0,36.0,112.0,19.038400650024414,2.0,1.0,68.0,7.0,2.016350269317627,3.7916312217712402,19.0,0.0,16.0,2.0984179973602295,0.9531249403953552,1.0,54.0,-8.0,3.9960122108459473,2.250155448913574,2.0,67.0,1,0.5886003375053406,RiskPerformance,Alibi-Standard,XGBoost
47,63,309,36,112,17,2,1,68,7,2,4,19,0,16,0,1,1,54,-8,5,1,2,67,68.05786895751953,309.0,36.0,112.0,18.958484649658203,2.0,1.0,68.0,7.0,1.952842354774475,3.803699254989624,19.0,0.0,16.0,2.045755386352539,0.9423602223396301,1.0,54.0,-8.0,4.058505058288574,2.201894521713257,2.0,67.0,1,0.5886003375053406,RiskPerformance,Alibi-Standard,XGBoost
48,63,309,36,112,17,2,1,68,7,2,4,19,0,16,0,1,1,54,-8,5,1,2,67,68.13533020019531,309.0,36.0,112.0,18.908756256103516,2.0,1.0,68.0,7.0,1.9425296783447266,3.836505889892578,19.0,0.0,16.0,1.9846690893173218,0.957848310470581,1.0,54.0,-8.0,4.094698429107666,2.1391713619232178,2.0,67.0,1,0.5886003375053406,RiskPerformance,Alibi-Standard,XGBoost
49,63,309,36,112,17,2,1,68,7,2,4,19,0,16,0,1,1,54,-8,5,1,2,67,68.19153594970703,309.0,36.0,112.0,18.885543823242188,2.0,1.0,68.0,7.0,1.9775971174240112,3.887378454208374,19.0,0.0,16.0,1.964102864265442,0.9962068796157837,1.0,54.0,-8.0,4.107779026031494,2.063908815383911,2.0,67.0,1,0.5886003375053406,RiskPerformance,Alibi-Standard,XGBoost
50,63,309,36,112,17,2,1,68,7,2,4,19,0,16,0,1,1,54,-8,5,1,2,67,68.22897338867188,309.0,36.0,112.0,18.885557174682617,2.0,1.0,68.0,7.0,2.0512287616729736,3.9539215564727783,19.0,0.0,16.0,1.978615403175354,1.0544112920761108,1.0,54.0,-8.0,4.1006059646606445,1.9778333902359009,2.0,67.0,1,0.5886003375053406,RiskPerformance,Alibi-Standard,XGBoost
51,63,309,36,112,17,2,1,68,7,2,4,19,0,16,0,1,1,54,-8,5,1,2,67,68.2498779296875,309.0,36.0,112.0,18.90584945678711,2.0,1.0,68.0,7.0,2.0979788303375244,4.0339884757995605,19.0,0.0,16.0,2.0233824253082275,1.060665249824524,1.0,54.0,-8.0,4.075742244720459,1.9477025270462036,2.0,67.0,1,0.5886003375053406,RiskPerformance,Alibi-Standard,XGBoost
52,63,309,36,112,17,2,1,68,7,2,4,19,0,16,0,1,1,54,-8,5,1,2,67,68.2562484741211,309.0,36.0,112.0,18.943782806396484,2.0,1.0,68.0,7.0,2.121151924133301,4.052182197570801,19.0,0.0,16.0,2.049899101257324,1.0228195190429688,1.0,54.0,-8.0,4.035487174987793,1.9651150703430176,2.0,67.0,1,0.5886003375053406,RiskPerformance,Alibi-Standard,XGBoost
53,63,309,36,112,17,2,1,68,7,2,4,19,0,16,0,1,1,54,-8,5,1,2,67,68.24989318847656,309.0,36.0,112.0,18.996992111206055,2.0,1.0,68.0,7.0,2.1237077713012695,4.0185112953186035,19.0,0.0,16.0,2.0603957176208496,0.9477009773254395,1.0,54.0,-8.0,3.981901168823242,2.022770881652832,2.0,67.0,1,0.5886003375053406,RiskPerformance,Alibi-Standard,XGBoost
54,63,309,36,112,17,2,1,68,7,2,4,19,0,16,0,1,1,54,-8,5,1,2,67,68.23242950439453,309.0,36.0,112.0,19.06336212158203,2.0,1.0,68.0,7.0,2.108297348022461,3.941537857055664,19.0,0.0,16.0,2.0568740367889404,0.9030968546867371,1.0,54.0,-8.0,3.973653554916382,2.0564448833465576,2.0,67.0,1,0.5886003375053406,RiskPerformance,Alibi-Standard,XGBoost
55,63,309,36,112,17,2,1,68,7,2,4,19,0,16,0,1,1,54,-8,5,1,2,67,68.20530700683594,309.0,36.0,112.0,19.097938537597656,2.0,1.0,68.0,7.0,2.07729434967041,3.8920905590057373,19.0,0.0,16.0,2.0411295890808105,0.8850804567337036,1.0,54.0,-8.0,4.004010200500488,2.069164752960205,2.0,67.0,1,0.5886003375053406,RiskPerformance,Alibi-Standard,XGBoost
56,63,309,36,112,17,2,1,68,7,2,4,19,0,16,0,1,1,54,-8,5,1,2,67,68.16983032226562,309.0,36.0,112.0,19.104936599731445,2.0,1.0,68.0,7.0,2.0328235626220703,3.8666727542877197,19.0,0.0,16.0,2.0147736072540283,0.8901476263999939,1.0,54.0,-8.0,4.014198303222656,2.0636398792266846,2.0,67.0,1,0.5886003375053406,RiskPerformance,Alibi-Standard,XGBoost
57,63,309,36,112,17,2,1,68,7,2,4,19,0,16,0,1,1,54,-8,5,1,2,67,68.1271743774414,309.0,36.0,112.0,19.088104248046875,2.0,1.0,68.0,7.0,1.9767868518829346,3.8621602058410645,19.0,0.0,16.0,1.9792512655258179,0.9151718616485596,1.0,54.0,-8.0,4.006851673126221,2.042294502258301,2.0,67.0,1,0.5886003375053406,RiskPerformance,Alibi-Standard,XGBoost
58,63,309,36,112,17,2,1,68,7,2,4,19,0,16,0,1,1,54,-8,5,1,2,67,68.0783920288086,309.0,36.0,112.0,19.05078125,2.0,1.0,68.0,7.0,1.9649267196655273,3.8757615089416504,19.0,0.0,16.0,1.976477861404419,0.9573643207550049,1.0,54.0,-8.0,3.984326124191284,2.0072968006134033,2.0,67.0,1,0.5886003375053406,RiskPerformance,Alibi-Standard,XGBoost
59,63,309,36,112,17,2,1,68,7,2,4,19,0,16,0,1,1,54,-8,5,1,2,67,68.02442169189453,309.0,36.0,112.0,18.99593734741211,2.0,1.0,68.0,7.0,1.9904520511627197,3.9049837589263916,19.0,0.0,16.0,2.0017290115356445,1.0142379999160767,1.0,54.0,-8.0,3.999145746231079,1.9605859518051147,2.0,67.0,1,0.5886003375053406,RiskPerformance,Alibi-Standard,XGBoost
60,63,309,36,112,17,2,1,68,7,2,4,19,0,16,0,1,1,54,-8,5,1,2,67,67.96611022949219,309.0,36.0,112.0,18.96460723876953,2.0,1.0,68.0,7.0,2.0474395751953125,3.9476006031036377,19.0,0.0,16.0,2.0126397609710693,1.0276232957839966,1.0,54.0,-8.0,4.045510292053223,1.9567424058914185,2.0,67.0,1,0.5886003375053406,RiskPerformance,Alibi-Standard,XGBoost
61,63,309,36,112,17,2,1,68,7,2,4,19,0,16,0,1,1,54,-8,5,1,2,67,67.96273040771484,309.0,36.0,112.0,18.953645706176758,2.0,1.0,68.0,7.0,2.0827341079711914,4.001624584197998,19.0,0.0,16.0,2.011111259460449,1.0043327808380127,1.0,54.0,-8.0,4.07159423828125,1.9889675378799438,2.0,67.0,1,0.5886003375053406,RiskPerformance,Alibi-Standard,XGBoost
62,63,309,36,112,17,2,1,68,7,2,4,19,0,16,0,1,1,54,-8,5,1,2,67,68.00452423095703,309.0,36.0,112.0,18.960250854492188,2.0,1.0,68.0,7.0,2.0992186069488525,4.008399486541748,19.0,0.0,16.0,1.998843789100647,0.9502974152565002,1.0,54.0,-8.0,4.080113887786865,2.0513508319854736,2.0,67.0,1,0.5886003375053406,RiskPerformance,Alibi-Standard,XGBoost
63,63,309,36,112,17,2,1,68,7,2,4,19,0,16,0,1,1,54,-8,5,1,2,67,68.03180694580078,309.0,36.0,112.0,18.981924057006836,2.0,1.0,68.0,7.0,2.0994648933410645,3.975874662399292,19.0,0.0,16.0,2.013434648513794,0.9202255606651306,1.0,54.0,-8.0,4.073493003845215,2.0922529697418213,2.0,67.0,1,0.5886003375053406,RiskPerformance,Alibi-Standard,XGBoost
64,63,309,36,112,17,2,1,68,7,2,4,19,0,16,0,1,1,54,-8,5,1,2,67,68.04650115966797,309.0,36.0,112.0,19.01643943786621,2.0,1.0,68.0,7.0,2.0857667922973633,3.9621758460998535,19.0,0.0,16.0,2.015899181365967,0.9107924699783325,1.0,54.0,-8.0,4.05389404296875,2.1145567893981934,2.0,67.0,1,0.5886003375053406,RiskPerformance,Alibi-Standard,XGBoost
65,63,309,36,112,17,2,1,68,7,2,4,19,0,16,0,1,1,54,-8,5,1,2,67,68.05032348632812,309.0,36.0,112.0,19.02756690979004,2.0,1.0,68.0,7.0,2.0601694583892822,3.964653491973877,19.0,0.0,16.0,2.00793719291687,0.9190411567687988,1.0,54.0,-8.0,4.023245811462402,2.1208319664001465,2.0,67.0,1,0.5886003375053406,RiskPerformance,Alibi-Standard,XGBoost
66,63,309,36,112,17,2,1,68,7,2,4,19,0,16,0,1,1,54,-8,5,1,2,67,68.0447998046875,309.0,36.0,112.0,19.01874542236328,2.0,1.0,68.0,7.0,2.024496078491211,3.9809482097625732,19.0,0.0,16.0,1.9910660982131958,0.9423423409461975,1.0,54.0,-8.0,3.983267307281494,2.113368511199951,2.0,67.0,1,0.5886003375053406,RiskPerformance,Alibi-Standard,XGBoost
67,63,309,36,112,17,2,1,68,7,2,4,19,0,16,0,1,1,54,-8,5,1,2,67,68.03129577636719,309.0,36.0,112.0,18.993019104003906,2.0,1.0,68.0,7.0,1.980371356010437,4.008959770202637,19.0,0.0,16.0,1.9991893768310547,0.978359043598175,1.0,54.0,-8.0,3.9765734672546387,2.0942060947418213,2.0,67.0,1,0.5886003375053406,RiskPerformance,Alibi-Standard,XGBoost
68,63,309,36,112,17,2,1,68,7,2,4,19,0,16,0,1,1,54,-8,5,1,2,67,68.01103210449219,309.0,36.0,112.0,18.984331130981445,2.0,1.0,68.0,7.0,1.9704108238220215,3.999955892562866,19.0,0.0,16.0,2.028324604034424,1.0250146389007568,1.0,54.0,-8.0,3.9977240562438965,2.0651612281799316,2.0,67.0,1,0.5886003375053406,RiskPerformance,Alibi-Standard,XGBoost
69,63,309,36,112,17,2,1,68,7,2,4,19,0,16,0,1,1,54,-8,5,1,2,67,67.98509979248047,309.0,36.0,112.0,18.990148544311523,2.0,1.0,68.0,7.0,1.98893404006958,4.004856109619141,19.0,0.0,16.0,2.044828176498413,1.0377167463302612,1.0,54.0,-8.0,4.041971683502197,2.0278513431549072,2.0,67.0,1,0.5886003375053406,RiskPerformance,Alibi-Standard,XGBoost
70,63,309,36,112,17,2,1,68,7,2,4,19,0,16,0,1,1,54,-8,5,1,2,67,67.99867248535156,309.0,36.0,112.0,19.008220672607422,2.0,1.0,68.0,7.0,2.030996799468994,3.978342056274414,19.0,0.0,16.0,2.050520420074463,1.0221686363220215,1.0,54.0,-8.0,4.069253921508789,1.9837160110473633,2.0,67.0,1,0.5886003375053406,RiskPerformance,Alibi-Standard,XGBoost
71,63,309,36,112,17,2,1,68,7,2,4,19,0,16,0,1,1,54,-8,5,1,2,67,68.04415893554688,309.0,36.0,112.0,19.008018493652344,2.0,1.0,68.0,7.0,2.056601047515869,3.9670448303222656,19.0,0.0,16.0,2.0470223426818848,0.9833298921585083,1.0,54.0,-8.0,4.0820465087890625,1.9723014831542969,2.0,67.0,1,0.5886003375053406,RiskPerformance,Alibi-Standard,XGBoost
72,63,309,36,112,17,2,1,68,7,2,4,19,0,16,0,1,1,54,-8,5,1,2,67,68.07666015625,309.0,36.0,112.0,18.99248695373535,2.0,1.0,68.0,7.0,2.0681850910186768,3.968634605407715,19.0,0.0,16.0,2.035776376724243,0.9625155329704285,1.0,54.0,-8.0,4.082548141479492,1.987935185432434,2.0,67.0,1,0.5886003375053406,RiskPerformance,Alibi-Standard,XGBoost
73,63,309,36,112,17,2,1,68,7,2,4,19,0,16,0,1,1,54,-8,5,1,2,67,68.09803771972656,309.0,36.0,112.0,18.99068832397461,2.0,1.0,68.0,7.0,2.067913293838501,3.981044054031372,19.0,0.0,16.0,2.018065929412842,0.956946849822998,1.0,54.0,-8.0,4.07271146774292,2.0256974697113037,2.0,67.0,1,0.5886003375053406,RiskPerformance,Alibi-Standard,XGBoost
74,63,309,36,112,17,2,1,68,7,2,4,19,0,16,0,1,1,54,-8,5,1,2,67,68.10993194580078,309.0,36.0,112.0,19.000396728515625,2.0,1.0,68.0,7.0,2.057706356048584,4.002439022064209,19.0,0.0,16.0,1.995032787322998,0.9641630053520203,1.0,54.0,-8.0,4.054269790649414,2.0487148761749268,2.0,67.0,1,0.5886003375053406,RiskPerformance,Alibi-Standard,XGBoost
75,63,309,36,112,17,2,1,68,7,2,4,19,0,16,0,1,1,54,-8,5,1,2,67,68.11381530761719,309.0,36.0,112.0,18.995073318481445,2.0,1.0,68.0,7.0,2.0392682552337646,3.9953019618988037,19.0,0.0,16.0,1.9926611185073853,0.9819857478141785,1.0,54.0,-8.0,4.02876091003418,2.059264659881592,2.0,67.0,1,0.5886003375053406,RiskPerformance,Alibi-Standard,XGBoost
76,63,309,36,112,17,2,1,68,7,2,4,19,0,16,0,1,1,54,-8,5,1,2,67,68.1109848022461,309.0,36.0,112.0,19.000858306884766,2.0,1.0,68.0,7.0,2.0141096115112305,3.998817205429077,19.0,0.0,16.0,2.007312536239624,1.0084877014160156,1.0,54.0,-8.0,3.997548818588257,2.0593650341033936,2.0,67.0,1,0.5886003375053406,RiskPerformance,Alibi-Standard,XGBoost
77,63,309,36,112,17,2,1,68,7,2,4,19,0,16,0,1,1,54,-8,5,1,2,67,68.10260009765625,309.0,36.0,112.0,18.993249893188477,2.0,1.0,68.0,7.0,1.983569622039795,4.011128902435303,19.0,0.0,16.0,2.0132532119750977,1.0111392736434937,1.0,54.0,-8.0,3.9901480674743652,2.0508036613464355,2.0,67.0,1,0.5886003375053406,RiskPerformance,Alibi-Standard,XGBoost
78,63,309,36,112,17,2,1,68,7,2,4,19,0,16,0,1,1,54,-8,5,1,2,67,68.08968353271484,309.0,36.0,112.0,18.996196746826172,2.0,1.0,68.0,7.0,1.9766229391098022,3.999530076980591,19.0,0.0,16.0,2.011946678161621,0.9944667220115662,1.0,54.0,-8.0,4.002115726470947,2.0351638793945312,2.0,67.0,1,0.5886003375053406,RiskPerformance,Alibi-Standard,XGBoost
79,63,309,36,112,17,2,1,68,7,2,4,19,0,16,0,1,1,54,-8,5,1,2,67,68.07315063476562,309.0,36.0,112.0,19.007770538330078,2.0,1.0,68.0,7.0,1.9887468814849854,3.9979217052459717,19.0,0.0,16.0,2.004690170288086,0.9896864891052246,1.0,54.0,-8.0,4.004522800445557,2.0138466358184814,2.0,67.0,1,0.5886003375053406,RiskPerformance,Alibi-Standard,XGBoost
80,63,309,36,112,17,2,1,68,7,2,4,19,0,16,0,1,1,54,-8,5,1,2,67,68.0538101196289,309.0,36.0,112.0,19.00677490234375,2.0,1.0,68.0,7.0,2.0160226821899414,4.004482746124268,19.0,0.0,16.0,1.992632508277893,0.9946439266204834,1.0,54.0,-8.0,3.9990992546081543,1.9880919456481934,2.0,67.0,1,0.5886003375053406,RiskPerformance,Alibi-Standard,XGBoost
81,63,309,36,112,17,2,1,68,7,2,4,19,0,16,0,1,1,54,-8,5,1,2,67,68.0323715209961,309.0,36.0,112.0,18.995634078979492,2.0,1.0,68.0,7.0,2.0322351455688477,3.9912972450256348,19.0,0.0,16.0,1.9955401420593262,1.0074392557144165,1.0,54.0,-8.0,4.010107040405273,1.9832717180252075,2.0,67.0,1,0.5886003375053406,RiskPerformance,Alibi-Standard,XGBoost
82,63,309,36,112,17,2,1,68,7,2,4,19,0,16,0,1,1,54,-8,5,1,2,67,68.00947570800781,309.0,36.0,112.0,18.993833541870117,2.0,1.0,68.0,7.0,2.0393459796905518,3.987102746963501,19.0,0.0,16.0,2.01035213470459,1.0030152797698975,1.0,54.0,-8.0,4.012819766998291,1.9950487613677979,2.0,67.0,1,0.5886003375053406,RiskPerformance,Alibi-Standard,XGBoost
83,63,309,36,112,17,2,1,68,7,2,4,19,0,16,0,1,1,54,-8,5,1,2,67,67.98567962646484,309.0,36.0,112.0,18.999521255493164,2.0,1.0,68.0,7.0,2.0390853881835938,3.9901528358459473,19.0,0.0,16.0,2.018033266067505,0.9851189851760864,1.0,54.0,-8.0,4.008859634399414,2.019681692123413,2.0,67.0,1,0.5886003375053406,RiskPerformance,Alibi-Standard,XGBoost
84,63,309,36,112,17,2,1,68,7,2,4,19,0,16,0,1,1,54,-8,5,1,2,67,67.9844741821289,309.0,36.0,112.0,19.011066436767578,2.0,1.0,68.0,7.0,2.032978057861328,3.998908758163452,19.0,0.0,16.0,2.0199429988861084,0.9770461916923523,1.0,54.0,-8.0,3.9996566772460938,2.0347039699554443,2.0,67.0,1,0.5886003375053406,RiskPerformance,Alibi-Standard,XGBoost
85,63,309,36,112,17,2,1,68,7,2,4,19,0,16,0,1,1,54,-8,5,1,2,67,68.00037384033203,309.0,36.0,112.0,19.01276969909668,2.0,1.0,68.0,7.0,2.022366762161255,4.012015342712402,19.0,0.0,16.0,2.0172805786132812,0.9768031239509583,1.0,54.0,-8.0,4.004014492034912,2.0419459342956543,2.0,67.0,1,0.5886003375053406,RiskPerformance,Alibi-Standard,XGBoost
86,63,309,36,112,17,2,1,68,7,2,4,19,0,16,0,1,1,54,-8,5,1,2,67,68.0102310180664,309.0,36.0,112.0,19.0068302154541,2.0,1.0,68.0,7.0,2.0084333419799805,4.009524345397949,19.0,0.0,16.0,2.0111024379730225,0.9826391339302063,1.0,54.0,-8.0,4.002626419067383,2.0430173873901367,2.0,67.0,1,0.5886003375053406,RiskPerformance,Alibi-Standard,XGBoost
87,63,309,36,112,17,2,1,68,7,2,4,19,0,16,0,1,1,54,-8,5,1,2,67,68.0152587890625,309.0,36.0,112.0,18.99517059326172,2.0,1.0,68.0,7.0,1.992217779159546,3.9954164028167725,19.0,0.0,16.0,2.0023396015167236,0.9930182099342346,1.0,54.0,-8.0,3.9968559741973877,2.0393335819244385,2.0,67.0,1,0.5886003375053406,RiskPerformance,Alibi-Standard,XGBoost
88,63,309,36,112,17,2,1,68,7,2,4,19,0,16,0,1,1,54,-8,5,1,2,67,68.01652526855469,309.0,36.0,112.0,18.990459442138672,2.0,1.0,68.0,7.0,1.9886678457260132,3.988204002380371,19.0,0.0,16.0,1.9918113946914673,1.0065938234329224,1.0,54.0,-8.0,4.0014262199401855,2.032137155532837,2.0,67.0,1,0.5886003375053406,RiskPerformance,Alibi-Standard,XGBoost
89,63,309,36,112,17,2,1,68,7,2,4,19,0,16,0,1,1,54,-8,5,1,2,67,68.01495361328125,309.0,36.0,112.0,18.991016387939453,2.0,1.0,68.0,7.0,1.9944459199905396,3.9862892627716064,19.0,0.0,16.0,1.9904295206069946,1.0089465379714966,1.0,54.0,-8.0,4.001363754272461,2.0225186347961426,2.0,67.0,1,0.5886003375053406,RiskPerformance,Alibi-Standard,XGBoost
90,63,309,36,112,17,2,1,68,7,2,4,19,0,16,0,1,1,54,-8,5,1,2,67,68.0113754272461,309.0,36.0,112.0,18.995372772216797,2.0,1.0,68.0,7.0,2.0066869258880615,3.9882733821868896,19.0,0.0,16.0,1.9956554174423218,1.0032216310501099,1.0,54.0,-8.0,3.997943162918091,2.011434555053711,2.0,67.0,1,0.5886003375053406,RiskPerformance,Alibi-Standard,XGBoost
91,63,309,36,112,17,2,1,68,7,2,4,19,0,16,0,1,1,54,-8,5,1,2,67,68.00650024414062,309.0,36.0,112.0,19.002243041992188,2.0,1.0,68.0,7.0,2.0134189128875732,3.9929325580596924,19.0,0.0,16.0,2.0052943229675293,0.9921169281005859,1.0,54.0,-8.0,4.001769542694092,1.9997228384017944,2.0,67.0,1,0.5886003375053406,RiskPerformance,Alibi-Standard,XGBoost
92,63,309,36,112,17,2,1,68,7,2,4,19,0,16,0,1,1,54,-8,5,1,2,67,68.00096893310547,309.0,36.0,112.0,19.00381851196289,2.0,1.0,68.0,7.0,2.016099452972412,3.999197244644165,19.0,0.0,16.0,2.0107669830322266,0.9865278601646423,1.0,54.0,-8.0,4.002206325531006,1.9967882633209229,2.0,67.0,1,0.5886003375053406,RiskPerformance,Alibi-Standard,XGBoost
93,63,309,36,112,17,2,1,68,7,2,4,19,0,16,0,1,1,54,-8,5,1,2,67,67.99533081054688,309.0,36.0,112.0,19.001888275146484,2.0,1.0,68.0,7.0,2.016000509262085,4.006134033203125,19.0,0.0,16.0,2.0132193565368652,0.9848321080207825,1.0,54.0,-8.0,4.000422954559326,1.999609112739563,2.0,67.0,1,0.5886003375053406,RiskPerformance,Alibi-Standard,XGBoost
94,63,309,36,112,17,2,1,68,7,2,4,19,0,16,0,1,1,54,-8,5,1,2,67,67.99665069580078,309.0,36.0,112.0,18.998004913330078,2.0,1.0,68.0,7.0,2.0142300128936768,4.006644248962402,19.0,0.0,16.0,2.0136513710021973,0.985619068145752,1.0,54.0,-8.0,3.997438669204712,2.005613327026367,2.0,67.0,1,0.5886003375053406,RiskPerformance,Alibi-Standard,XGBoost
95,63,309,36,112,17,2,1,68,7,2,4,19,0,16,0,1,1,54,-8,5,1,2,67,68.00146484375,309.0,36.0,112.0,18.996854782104492,2.0,1.0,68.0,7.0,2.011752128601074,4.00368070602417,19.0,0.0,16.0,2.0129339694976807,0.9876638650894165,1.0,54.0,-8.0,3.998239755630493,2.0084328651428223,2.0,67.0,1,0.5886003375053406,RiskPerformance,Alibi-Standard,XGBoost
96,63,309,36,112,17,2,1,68,7,2,4,19,0,16,0,1,1,54,-8,5,1,2,67,68.00379180908203,309.0,36.0,112.0,18.99715232849121,2.0,1.0,68.0,7.0,2.0094051361083984,3.999730110168457,19.0,0.0,16.0,2.0118255615234375,0.9899046421051025,1.0,54.0,-8.0,4.000581741333008,2.00929594039917,2.0,67.0,1,0.5886003375053406,RiskPerformance,Alibi-Standard,XGBoost
97,63,309,36,112,17,2,1,68,7,2,4,19,0,16,0,1,1,54,-8,5,1,2,67,68.00455474853516,309.0,36.0,112.0,18.99778175354004,2.0,1.0,68.0,7.0,2.0079164505004883,3.9983818531036377,19.0,0.0,16.0,2.0109853744506836,0.991422176361084,1.0,54.0,-8.0,4.001217365264893,2.0092670917510986,2.0,67.0,1,0.5886003375053406,RiskPerformance,Alibi-Standard,XGBoost
0,63,309,36,112,17,2,1,68,7,2,4,19,0,16,0,1,1,54,-8,5,1,2,67,61.12483596801758,307.2571105957031,37.81082534790039,113.83360290527344,18.861425399780273,0.2706434428691864,-0.8363930583000183,69.8594741821289,8.813929557800293,3.8085269927978516,5.837900638580322,20.378131866455078,-1.846259593963623,15.534621238708496,1.8209797143936157,-0.7313267588615417,-0.7228683233261108,52.18199920654297,-6.134249687194824,3.2692861557006836,0.2692658305168152,0.2587241530418396,65.15303802490234,1,0.5051962852410846,RiskPerformance,Alibi-Standard,MLP
1,63,309,36,112,17,2,1,68,7,2,4,19,0,16,0,1,1,54,-8,5,1,2,67,61.04269027709961,307.19952392578125,37.882022857666016,113.90836334228516,18.939712524414062,0.2100386619567871,-0.9127439856529236,69.936767578125,8.882132530212402,3.880098819732666,5.912772178649902,20.38640785217285,-1.9237037897109985,15.482149124145508,1.896614909172058,-0.7954038977622986,-0.7810482382774353,52.10936737060547,-6.0532145500183105,3.2082533836364746,0.2830307185649872,0.21892431378364563,65.07666015625,1,0.5168350598999485,RiskPerformance,Alibi-Standard,MLP
2,63,309,36,112,17,2,1,68,7,2,4,19,0,16,0,1,1,54,-8,5,1,2,67,60.96303939819336,307.14849853515625,37.95001220703125,113.98027038574219,19.01505470275879,0.15319502353668213,-0.9862948656082153,70.01031494140625,8.945764541625977,3.948647975921631,5.984498023986816,20.390623092651367,-1.998390555381775,15.436478614807129,1.9699552059173584,-0.8568407893180847,-0.835427463054657,52.03972625732422,-5.974371433258057,3.1507568359375,0.29123860597610474,0.19071030616760254,65.00332641601562,1,0.5275368710091852,RiskPerformance,Alibi-Standard,MLP
3,63,309,36,112,17,2,1,68,7,2,4,19,0,16,0,1,1,54,-8,5,1,2,67,60.88602828979492,307.10443115234375,38.014739990234375,114.04923248291016,19.08730697631836,0.1001209020614624,-1.0569318532943726,70.079833984375,9.004643440246582,4.014115810394287,6.05296516418457,20.391494750976562,-2.070218801498413,15.399924278259277,2.040931224822998,-0.9156764149665833,-0.8860583305358887,51.973114013671875,-5.897812843322754,3.096785068511963,0.29326578974723816,0.17413373291492462,64.93316650390625,1,0.5373673109394174,RiskPerformance,Alibi-Standard,MLP
4,63,309,36,112,17,2,1,68,7,2,4,19,0,16,0,1,1,54,-8,5,1,2,67,60.81177520751953,307.0675964355469,38.07619094848633,114.11518859863281,19.156362533569336,0.0507739894092083,-1.1245843172073364,70.14511108398438,9.05868148803711,4.076484203338623,6.118113040924072,20.389652252197266,-2.1391336917877197,15.374406814575195,2.1094882488250732,-0.971962571144104,-0.9330314993858337,51.909523010253906,-5.823605060577393,3.0462865829467773,0.28892019391059875,0.16876497864723206,64.86625671386719,1,0.5464019573231212,RiskPerformance,Alibi-Standard,MLP
5,63,309,36,112,17,2,1,68,7,2,4,19,0,16,0,1,1,54,-8,5,1,2,67,60.740360260009766,307.03814697265625,38.1343879699707,114.17809295654297,19.222158432006836,0.005068108439445496,-1.1892218589782715,70.20600891113281,9.107881546020508,4.135770320892334,6.179929733276367,20.385629653930664,-2.205122947692871,15.361166000366211,2.175586700439453,-1.0257612466812134,-0.9764683842658997,51.84891128540039,-5.751790523529053,2.999175786972046,0.2783641219139099,0.1738191395998001,64.80262756347656,1,0.5547187732831219,RiskPerformance,Alibi-Standard,MLP
6,63,309,36,112,17,2,1,68,7,2,4,19,0,16,0,1,1,54,-8,5,1,2,67,60.67182540893555,307.01611328125,38.189388275146484,114.23792266845703,19.28466796875,-0.03711852431297302,-1.250849723815918,70.26245880126953,9.152322769165039,4.192021369934082,6.238445281982422,20.3798770904541,-2.2682104110717773,15.360615730285645,2.2391998767852783,-1.0771422386169434,-1.0165138244628906,51.79121017456055,-5.682390213012695,2.9553399085998535,0.2620162069797516,0.18829745054244995,64.74226379394531,1,0.5623929073916674,RiskPerformance,Alibi-Standard,MLP
7,63,309,36,112,17,2,1,68,7,2,4,19,0,16,0,1,1,54,-8,5,1,2,67,60.6061897277832,307.0014343261719,38.24127197265625,114.29468536376953,19.343891143798828,-0.07593487203121185,-1.3095030784606934,70.31446075439453,9.192147254943848,4.245308876037598,6.293724060058594,20.372766494750977,-2.3284497261047363,15.372394561767578,2.300314426422119,-1.1261807680130005,-1.0533291101455688,51.73632049560547,-5.615406036376953,2.9146454334259033,0.24045692384243011,0.21110913157463074,64.68511962890625,1,0.5694935343598282,RiskPerformance,Alibi-Standard,MLP
8,63,309,36,112,17,2,1,68,7,2,4,19,0,16,0,1,1,54,-8,5,1,2,67,60.5434455871582,306.9939270019531,38.29014205932617,114.34839630126953,19.399860382080078,-0.11154936254024506,-1.365241527557373,70.36206817626953,9.227545738220215,4.295723915100098,6.345857620239258,20.364601135253906,-2.3859174251556396,15.395562171936035,2.358928680419922,-1.1729562282562256,-1.0870862007141113,51.68412780761719,-5.550824165344238,2.8769447803497314,0.214351087808609,0.24115966260433197,64.6311264038086,1,0.5760824488084115,RiskPerformance,Alibi-Standard,MLP
9,63,309,36,112,17,2,1,68,7,2,4,19,0,16,0,1,1,54,-8,5,1,2,67,60.48356246948242,306.9933166503906,38.33611297607422,114.39909362792969,19.45262908935547,-0.14414292573928833,-1.418143630027771,70.4053726196289,9.258743286132812,4.343371868133545,6.394958019256592,20.35562515258789,-2.440707206726074,15.428847312927246,2.415052890777588,-1.2175503969192505,-1.1179630756378174,51.6345100402832,-5.488617420196533,2.84208083152771,0.18439142405986786,0.2774060070514679,64.58019256591797,1,0.5822138076426252,RiskPerformance,Alibi-Standard,MLP
10,63,309,36,112,17,2,1,68,7,2,4,19,0,16,0,1,1,54,-8,5,1,2,67,60.42649841308594,306.9992370605469,38.37930679321289,114.44682312011719,19.502267837524414,-0.17390315234661102,-1.4683020114898682,70.44450378417969,9.28598690032959,4.38836669921875,6.4411516189575195,20.346036911010742,-2.4929232597351074,15.470860481262207,2.468707799911499,-1.2600462436676025,-1.14613938331604,51.587337493896484,-5.428749084472656,2.80989146232605,0.15126089751720428,0.3188861608505249,64.5322036743164,1,0.5879344135944208,RiskPerformance,Alibi-Standard,MLP
11,63,309,36,112,17,2,1,68,7,2,4,19,0,16,0,1,1,54,-8,5,1,2,67,60.3721923828125,307.0113220214844,38.41985321044922,114.49164581298828,19.54886245727539,-0.20101960003376007,-1.5158191919326782,70.47962951660156,9.309537887573242,4.430829048156738,6.484573841094971,20.33599281311035,-2.5426766872406006,15.520238876342773,2.519923686981201,-1.3005270957946777,-1.1717933416366577,51.54248046875,-5.37117338180542,2.7802133560180664,0.1156095564365387,0.3647313714027405,64.48704528808594,1,0.5932845831127556,RiskPerformance,Alibi-Standard,MLP
12,63,309,36,112,17,2,1,68,7,2,4,19,0,16,0,1,1,54,-8,5,1,2,67,60.32057571411133,307.02911376953125,38.457881927490234,114.53363800048828,19.592512130737305,-0.22568002343177795,-1.5608043670654297,70.51092529296875,9.32966136932373,4.470882892608643,6.525365352630615,20.32561492919922,-2.5900814533233643,15.575726509094238,2.568739891052246,-1.3390756845474243,-1.1950995922088623,51.49980926513672,-5.315838813781738,2.75288462638855,0.07804164290428162,0.41416773200035095,64.44458770751953,1,0.59829896934921,RiskPerformance,Alibi-Standard,MLP
13,63,309,36,112,17,2,1,68,7,2,4,19,0,16,0,1,1,54,-8,5,1,2,67,60.271568298339844,307.0521240234375,38.49352264404297,114.57288360595703,19.633325576782227,-0.24806749820709229,-1.6033704280853271,70.53858184814453,9.346620559692383,4.508652210235596,6.563668251037598,20.31499671936035,-2.63525128364563,15.636207580566406,2.615203380584717,-1.3757734298706055,-1.2162269353866577,51.45920181274414,-5.262689113616943,2.7277467250823975,0.03910942003130913,0.46651190519332886,64.40470123291016,1,0.603007334795982,RiskPerformance,Alibi-Standard,MLP
14,63,309,36,112,17,2,1,68,7,2,4,19,0,16,0,1,1,54,-8,5,1,2,67,60.2250862121582,307.07989501953125,38.52690124511719,114.6094741821289,19.671415328979492,-0.26835840940475464,-1.6436315774917603,70.56280517578125,9.360672950744629,4.544260501861572,6.599624156951904,20.30420684814453,-2.678297996520996,15.700713157653809,2.6593687534332275,-1.4107000827789307,-1.235337257385254,51.420536041259766,-5.21166467666626,2.7046468257904053,-0.0006888844072818756,0.5211640000343323,64.36726379394531,1,0.6074353187628627,RiskPerformance,Alibi-Standard,MLP
15,63,309,36,112,17,2,1,68,7,2,4,19,0,16,0,1,1,54,-8,5,1,2,67,60.18103790283203,307.1119384765625,38.558143615722656,114.64350128173828,19.70690155029297,-0.28672096133232117,-1.6817017793655396,70.58380889892578,9.37206745147705,4.5778279304504395,6.633371353149414,20.293298721313477,-2.719329833984375,15.768409729003906,2.701296091079712,-1.443933129310608,-1.2525845766067505,51.383697509765625,-5.1627044677734375,2.6834380626678467,-0.040908485651016235,0.5775994062423706,64.33213806152344,1,0.6116051766349144,RiskPerformance,Alibi-Standard,MLP
16,63,309,36,112,17,2,1,68,7,2,4,19,0,16,0,1,1,54,-8,5,1,2,67,60.13933181762695,307.14776611328125,38.587371826171875,114.6750717163086,19.739904403686523,-0.303314208984375,-1.7176934480667114,70.60179901123047,9.381040573120117,4.609471797943115,6.665043830871582,20.282304763793945,-2.758450508117676,15.838584899902344,2.7410507202148438,-1.4755477905273438,-1.2681145668029785,51.34858322143555,-5.115745544433594,2.663980722427368,-0.08115606009960175,0.6353606581687927,64.29920959472656,1,0.6155361815661881,RiskPerformance,Alibi-Standard,MLP
17,63,309,36,112,17,2,1,68,7,2,4,19,0,16,0,1,1,54,-8,5,1,2,67,60.099876403808594,307.1869201660156,38.61469650268555,114.70429229736328,19.77054786682129,-0.31828752160072327,-1.751716136932373,70.61698150634766,9.387816429138184,4.639304161071777,6.694770336151123,20.271249771118164,-2.7957582473754883,15.910630226135254,2.7787024974823,-1.5056167840957642,-1.2820640802383423,51.31509780883789,-5.070725440979004,2.6461424827575684,-0.12108689546585083,0.6940495371818542,64.26834869384766,1,0.6192452249662884,RiskPerformance,Alibi-Standard,MLP
18,63,309,36,112,17,2,1,68,7,2,4,19,0,16,0,1,1,54,-8,5,1,2,67,60.06257247924805,307.2289733886719,38.640228271484375,114.73126983642578,19.7989559173584,-0.33178040385246277,-1.7838761806488037,70.62956237792969,9.392603874206543,4.66743278503418,6.7226738929748535,20.26014518737793,-2.831346035003662,15.984025001525879,2.814324140548706,-1.534209966659546,-1.2945612668991089,51.28314971923828,-5.027581214904785,2.6297993659973145,-0.16040177643299103,0.7533202171325684,64.23944091796875,1,0.6227472289419671,RiskPerformance,Alibi-Standard,MLP
19,63,309,36,112,17,2,1,68,7,2,4,19,0,16,0,1,1,54,-8,5,1,2,67,60.02732849121094,307.27349853515625,38.66407012939453,114.75611114501953,19.82525062561035,-0.3439224660396576,-1.814275860786438,70.6397476196289,9.395599365234375,4.693960189819336,6.748871326446533,20.248994827270508,-2.8653011322021484,16.05832290649414,2.8479912281036377,-1.5613945722579956,-1.3057258129119873,51.252655029296875,-4.986250877380371,2.6148345470428467,-0.19884362816810608,0.8128728866577148,64.21237182617188,1,0.6260553650873023,RiskPerformance,Alibi-Standard,MLP
20,63,309,36,112,17,2,1,68,7,2,4,19,0,16,0,1,1,54,-8,5,1,2,67,59.994049072265625,307.32012939453125,38.68632125854492,114.7789306640625,19.849550247192383,-0.3548336923122406,-1.8430134057998657,70.6477279663086,9.396985054016113,4.718983173370361,6.773472785949707,20.237796783447266,-2.897705316543579,16.121810913085938,2.8797810077667236,-1.5872352123260498,-1.3156687021255493,51.223541259765625,-4.9466729164123535,2.6011393070220947,-0.23619422316551208,0.8724480867385864,64.18704223632812,1,0.6291668570703411,RiskPerformance,Alibi-Standard,MLP
21,63,309,36,112,17,2,1,68,7,2,4,19,0,16,0,1,1,54,-8,5,1,2,67,59.962646484375,307.3684997558594,38.70707321166992,114.79984283447266,19.87197494506836,-0.3646250069141388,-1.8701820373535156,70.6536865234375,9.396928787231445,4.742593288421631,6.796581745147705,20.226547241210938,-2.9286341667175293,16.17576026916504,2.909771203994751,-1.6117933988571167,-1.324493408203125,51.19573974609375,-4.908787250518799,2.5886120796203613,-0.2722705006599426,0.9318220019340515,64.16334533691406,1,0.632092617440845,RiskPerformance,Alibi-Standard,MLP
22,63,309,36,112,17,2,1,68,7,2,4,19,0,16,0,1,1,54,-8,5,1,2,67,59.93302536010742,307.41827392578125,38.72641372680664,114.8189468383789,19.892637252807617,-0.37339863181114197,-1.8958702087402344,70.65779876708984,9.395584106445312,4.7648773193359375,6.818294525146484,20.215240478515625,-2.958158016204834,16.221282958984375,2.938039779663086,-1.6351282596588135,-1.3322961330413818,51.169189453125,-4.872535228729248,2.5771586894989014,-0.3069218695163727,0.9908023476600647,64.14118957519531,1,0.634843000563255,RiskPerformance,Alibi-Standard,MLP
23,63,309,36,112,17,2,1,68,7,2,4,19,0,16,0,1,1,54,-8,5,1,2,67,59.90510177612305,307.46917724609375,38.744422912597656,114.83635711669922,19.911645889282227,-0.3812485933303833,-1.9201618432998657,70.66022491455078,9.393092155456543,4.785915851593018,6.8387017250061035,20.203868865966797,-2.986342430114746,16.259353637695312,2.9646639823913574,-1.6572965383529663,-1.3391659259796143,51.14383316040039,-4.837859153747559,2.5666916370391846,-0.34002748131752014,1.0492249727249146,64.12049102783203,1,0.63742788068519,RiskPerformance,Alibi-Standard,MLP
24,63,309,36,112,17,2,1,68,7,2,4,19,0,16,0,1,1,54,-8,5,1,2,67,59.87879180908203,307.52093505859375,38.76117706298828,114.8521728515625,19.929109573364258,-0.3882611393928528,-1.9431365728378296,70.6611328125,9.389581680297852,4.805785179138184,6.857888221740723,20.192424774169922,-3.013249158859253,16.29082679748535,2.9897208213806152,-1.6783524751663208,-1.3451850414276123,51.11961364746094,-4.804702281951904,2.5571298599243164,-0.3714936673641205,1.1069505214691162,64.10115814208984,1,0.6398567369324816,RiskPerformance,Alibi-Standard,MLP
25,63,309,36,112,17,2,1,68,7,2,4,19,0,16,0,1,1,54,-8,5,1,2,67,59.85401153564453,307.5732727050781,38.77675247192383,114.86650085449219,19.945127487182617,-0.3945152461528778,-1.964869737625122,70.66065979003906,9.385170936584473,4.824557304382324,6.875932693481445,20.180904388427734,-3.038936138153076,16.31645393371582,3.0132861137390137,-1.6983485221862793,-1.3504294157028198,51.09648132324219,-4.773008823394775,2.54839825630188,-0.40125128626823425,1.1638615131378174,64.08311462402344,1,0.6421385779338256,RiskPerformance,Alibi-Standard,MLP
26,63,309,36,112,17,2,1,68,7,2,4,19,0,16,0,1,1,54,-8,5,1,2,67,59.83068084716797,307.6260070800781,38.79121780395508,114.87943267822266,19.95979881286621,-0.40008315443992615,-1.985432744026184,70.65895080566406,9.379966735839844,4.842298984527588,6.892909526824951,20.169300079345703,-3.0634586811065674,16.336894989013672,3.0354342460632324,-1.7173348665237427,-1.3549691438674927,51.07439422607422,-4.7427239418029785,2.5404279232025146,-0.42925333976745605,1.2198600769042969,64.06627655029297,1,0.6442820274949501,RiskPerformance,Alibi-Standard,MLP
27,63,309,36,112,17,2,1,68,7,2,4,19,0,16,0,1,1,54,-8,5,1,2,67,59.80872344970703,307.67889404296875,38.80463790893555,114.89106750488281,19.973215103149414,-0.4050307869911194,-2.0048933029174805,70.6561279296875,9.374067306518555,4.859073638916016,6.9088873863220215,20.157609939575195,-3.0868687629699707,16.352731704711914,3.0562379360198975,-1.7353599071502686,-1.3588687181472778,51.05330276489258,-4.713794231414795,2.5331552028656006,-0.4554726481437683,1.2748653888702393,64.05058288574219,1,0.6462952172339548,RiskPerformance,Alibi-Standard,MLP
28,63,309,36,112,17,2,1,68,7,2,4,19,0,16,0,1,1,54,-8,5,1,2,67,59.788063049316406,307.7318115234375,38.817073822021484,114.90149688720703,19.985464096069336,-0.4094182550907135,-2.023315191268921,70.65231323242188,9.367560386657715,4.874940395355225,6.923930644989014,20.145830154418945,-3.1092162132263184,16.364477157592773,3.075767993927002,-1.7524700164794922,-1.362187385559082,51.03316879272461,-4.686166286468506,2.5265212059020996,-0.47989946603775024,1.3288114070892334,64.03595733642578,1,0.6481860084919375,RiskPerformance,Alibi-Standard,MLP
29,63,309,36,112,17,2,1,68,7,2,4,19,0,16,0,1,1,54,-8,5,1,2,67,59.76863098144531,307.7845764160156,38.828582763671875,114.91079711914062,19.996627807617188,-0.41330036520957947,-2.0407588481903076,70.64762115478516,9.360527038574219,4.889955043792725,6.938099384307861,20.13395881652832,-3.1305484771728516,16.37258529663086,3.0940933227539062,-1.7687100172042847,-1.36497962474823,51.01395034790039,-4.659788608551025,2.5204720497131348,-0.5025394558906555,1.3816454410552979,64.0223388671875,1,0.6499617093101742,RiskPerformance,Alibi-Standard,MLP
30,63,309,36,112,17,2,1,68,7,2,4,19,0,16,0,1,1,54,-8,5,1,2,67,59.75035858154297,307.8370361328125,38.83922576904297,114.91905975341797,20.006786346435547,-0.4167269468307495,-2.057281255722046,70.64215087890625,9.353039741516113,4.90416955947876,6.951449871063232,20.121999740600586,-3.1509106159210205,16.377460479736328,3.1112804412841797,-1.7841227054595947,-1.3672953844070435,50.995609283447266,-4.634610176086426,2.514958143234253,-0.5234116315841675,1.4333258867263794,64.00967407226562,1,0.6516293342679501,RiskPerformance,Alibi-Standard,MLP
31,63,309,36,112,17,2,1,68,7,2,4,19,0,16,0,1,1,54,-8,5,1,2,67,59.73318099975586,307.8890686035156,38.84905242919922,114.92636108398438,20.016014099121094,-0.4197433590888977,-2.0729360580444336,70.63599395751953,9.345165252685547,4.917632579803467,6.964034557342529,20.109952926635742,-3.1703460216522217,16.379459381103516,3.1273934841156006,-1.7987490892410278,-1.3691805601119995,50.978111267089844,-4.610581874847412,2.5099339485168457,-0.5425466299057007,1.4838213920593262,63.997894287109375,1,0.6531955109995954,RiskPerformance,Alibi-Standard,MLP
32,63,309,36,112,17,2,1,68,7,2,4,19,0,16,0,1,1,54,-8,5,1,2,67,59.717037200927734,307.9405822753906,38.85811233520508,114.93277740478516,20.02437973022461,-0.4223908483982086,-2.0877740383148193,70.62923431396484,9.336962699890137,4.930389404296875,6.975902080535889,20.097824096679688,-3.1888961791992188,16.3789005279541,3.142493963241577,-1.8126287460327148,-1.3706772327423096,50.96141815185547,-4.587655544281006,2.505357503890991,-0.5599847435951233,1.5331088304519653,63.9869499206543,1,0.6546665013802185,RiskPerformance,Alibi-Standard,MLP
33,63,309,36,112,17,2,1,68,7,2,4,19,0,16,0,1,1,54,-8,5,1,2,67,59.701866149902344,307.9914855957031,38.866455078125,114.93836975097656,20.03194808959961,-0.4247068166732788,-2.1018428802490234,70.62195587158203,9.328486442565918,4.942482948303223,6.98709774017334,20.085620880126953,-3.2066006660461426,16.376070022583008,3.1566412448883057,-1.8257993459701538,-1.371824026107788,50.94549560546875,-4.565783977508545,2.501190423965454,-0.575774610042572,1.5811725854873657,63.97679138183594,1,0.6560482074415883,RiskPerformance,Alibi-Standard,MLP
34,63,309,36,112,17,2,1,68,7,2,4,19,0,16,0,1,1,54,-8,5,1,2,67,59.6876106262207,308.04168701171875,38.87412643432617,114.9432144165039,20.038782119750977,-0.42672526836395264,-2.115187406539917,70.6142349243164,9.319786071777344,4.953952789306641,6.997664451599121,20.073348999023438,-3.2234976291656494,16.3712215423584,3.169891595840454,-1.838296890258789,-1.372656226158142,50.93031311035156,-4.544921875,2.4973976612091064,-0.5899715423583984,1.6280033588409424,63.967369079589844,1,0.6573461958509268,RiskPerformance,Alibi-Standard,MLP
35,63,309,36,112,17,2,1,68,7,2,4,19,0,16,0,1,1,54,-8,5,1,2,67,59.674217224121094,308.09112548828125,38.88116455078125,114.9473648071289,20.044939041137695,-0.42847704887390137,-2.127849578857422,70.60613250732422,9.310905456542969,4.964836120605469,7.007641315460205,20.061019897460938,-3.2396233081817627,16.364585876464844,3.1822986602783203,-1.8501558303833008,-1.3732061386108398,50.91584014892578,-4.525024890899658,2.4939465522766113,-0.6026363372802734,1.673596978187561,63.95863723754883,1,0.6585656710063253,RiskPerformance,Alibi-Standard,MLP
36,63,309,36,112,17,2,1,68,7,2,4,19,0,16,0,1,1,54,-8,5,1,2,67,59.66163635253906,308.1397399902344,38.88761520385742,114.95088195800781,20.050472259521484,-0.42999011278152466,-2.139869213104248,70.59771728515625,9.301885604858398,4.975167751312256,7.017065525054932,20.048643112182617,-3.255012273788452,16.356367111206055,3.1939139366149902,-1.8614089488983154,-1.373503565788269,50.90204620361328,-4.506051063537598,2.4908077716827393,-0.6138340830802917,1.7179538011550903,63.9505500793457,1,0.6597115616549751,RiskPerformance,Alibi-Standard,MLP
37,63,309,36,112,17,2,1,68,7,2,4,19,0,16,0,1,1,54,-8,5,1,2,67,59.649818420410156,308.1874694824219,38.89351272583008,114.95382690429688,20.055431365966797,-0.43128982186317444,-2.151283025741577,70.58903503417969,9.29276180267334,4.98498010635376,7.025970935821533,20.036230087280273,-3.269697904586792,16.34675407409668,3.2047860622406006,-1.8720875978469849,-1.3735756874084473,50.88890075683594,-4.487958908081055,2.4879539012908936,-0.6236332058906555,1.7610780000686646,63.94306945800781,1,0.6607884841997106,RiskPerformance,Alibi-Standard,MLP
38,63,309,36,112,17,2,1,68,7,2,4,19,0,16,0,1,1,54,-8,5,1,2,67,59.63871765136719,308.2342529296875,38.89889907836914,114.95624542236328,20.05986213684082,-0.43239912390708923,-2.162126064300537,70.58014678955078,9.283567428588867,4.9943037033081055,7.034389495849609,20.023794174194336,-3.2837116718292236,16.33591651916504,3.214960813522339,-1.8822214603424072,-1.373447299003601,50.87637710571289,-4.470708847045898,2.4853603839874268,-0.6321042776107788,1.8029767274856567,63.936153411865234,1,0.6618007510052577,RiskPerformance,Alibi-Standard,MLP
39,63,309,36,112,17,2,1,68,7,2,4,19,0,16,0,1,1,54,-8,5,1,2,67,59.628292083740234,308.2800598144531,38.903804779052734,114.95818328857422,20.063810348510742,-0.43333882093429565,-2.1724305152893066,70.57109832763672,9.274333000183105,5.003166198730469,7.042351245880127,20.011350631713867,-3.297084093093872,16.324007034301758,3.2244820594787598,-1.8918386697769165,-1.3731411695480347,50.86444854736328,-4.454263687133789,2.483004093170166,-0.6393194794654846,1.8436596393585205,63.92976760864258,1,0.66275238786839,RiskPerformance,Alibi-Standard,MLP
40,63,309,36,112,17,2,1,68,7,2,4,19,0,16,0,1,1,54,-8,5,1,2,67,59.618499755859375,308.3248596191406,38.90826416015625,114.95968627929688,20.06731414794922,-0.43412771821022034,-2.1822268962860107,70.56192779541016,9.265085220336914,5.011594295501709,7.0498833656311035,19.998912811279297,-3.3098437786102295,16.311166763305664,3.2333905696868896,-1.9009660482406616,-1.3726781606674194,50.85308837890625,-4.438586711883545,2.4808645248413086,-0.645351767539978,1.8831382989883423,63.92387771606445,1,0.6636472037146698,RiskPerformance,Alibi-Standard,MLP
41,63,309,36,112,17,2,1,68,7,2,4,19,0,16,0,1,1,54,-8,5,1,2,67,59.60930252075195,308.3686218261719,38.91230392456055,114.9607925415039,20.07041358947754,-0.43478289246559143,-2.1915435791015625,70.55267333984375,9.255849838256836,5.019611835479736,7.05701208114624,19.986495971679688,-3.3220183849334717,16.297523498535156,3.241725206375122,-1.9096288681030273,-1.3720773458480835,50.84226989746094,-4.423643112182617,2.4789223670959473,-0.6502742171287537,1.9214259386062622,63.918453216552734,1,0.6644887274552929,RiskPerformance,Alibi-Standard,MLP
42,63,309,36,112,17,2,1,68,7,2,4,19,0,16,0,1,1,54,-8,5,1,2,67,59.60066604614258,308.4113464355469,38.915958404541016,114.9615478515625,20.07314109802246,-0.4353196918964386,-2.200407028198242,70.54337310791016,9.246648788452148,5.0272417068481445,7.063760757446289,19.9741153717041,-3.3336338996887207,16.28319549560547,3.2495224475860596,-1.917851209640503,-1.3713562488555908,50.83197021484375,-4.40939998626709,2.4771604537963867,-0.6541594862937927,1.958536982536316,63.91345977783203,1,0.6652803119950936,RiskPerformance,Alibi-Standard,MLP
43,63,309,36,112,17,2,1,68,7,2,4,19,0,16,0,1,1,54,-8,5,1,2,67,59.59255599975586,308.4529724121094,38.919254302978516,114.96198272705078,20.075531005859375,-0.4357520639896393,-2.2088418006896973,70.5340576171875,9.237502098083496,5.034505367279053,7.0701518058776855,19.961788177490234,-3.344715118408203,16.268291473388672,3.2568166255950928,-1.925655722618103,-1.3705308437347412,50.822166442871094,-4.3958258628845215,2.475562572479248,-0.6570795178413391,1.9944864511489868,63.908870697021484,1,0.6660249947688882,RiskPerformance,Alibi-Standard,MLP
44,63,309,36,112,17,2,1,68,7,2,4,19,0,16,0,1,1,54,-8,5,1,2,67,59.584938049316406,308.4935302734375,38.92221450805664,114.96212768554688,20.077611923217773,-0.4360925555229187,-2.2168707847595215,70.52476501464844,9.228428840637207,5.041421890258789,7.076205730438232,19.94952964782715,-3.355285406112671,16.252910614013672,3.2636396884918213,-1.9330637454986572,-1.3696156740188599,50.81283950805664,-4.382890701293945,2.474114179611206,-0.6591050028800964,2.029290199279785,63.904659271240234,1,0.6667256722357713,RiskPerformance,Alibi-Standard,MLP
45,63,309,36,112,17,2,1,68,7,2,4,19,0,16,0,1,1,54,-8,5,1,2,67,59.57778549194336,308.532958984375,38.92486572265625,114.96202087402344,20.07941246032715,-0.43635252118110657,-2.224515438079834,70.51551055908203,9.219447135925293,5.048009872436523,7.081941604614258,19.93735694885254,-3.3653674125671387,16.237146377563477,3.270021915435791,-1.9400954246520996,-1.368624210357666,50.8039665222168,-4.370565891265869,2.472801923751831,-0.6603051424026489,2.0600247383117676,63.90079879760742,1,0.6673760448799727,RiskPerformance,Alibi-Standard,MLP
46,63,309,36,112,17,2,1,68,7,2,4,19,0,16,0,1,1,54,-8,5,1,2,67,59.571067810058594,308.5712890625,38.92723083496094,114.96168518066406,20.080957412719727,-0.43654197454452515,-2.2317957878112793,70.5063247680664,9.2105712890625,5.054286003112793,7.087377548217773,19.925289154052734,-3.3749821186065674,16.22108268737793,3.275991678237915,-1.9467698335647583,-1.3675687313079834,50.79552459716797,-4.358824253082275,2.471613883972168,-0.6607484817504883,2.087125301361084,63.89726257324219,1,0.6679800685525654,RiskPerformance,Alibi-Standard,MLP
47,63,309,36,112,17,2,1,68,7,2,4,19,0,16,0,1,1,54,-8,5,1,2,67,59.56475830078125,308.6084899902344,38.9293327331543,114.96115112304688,20.082271575927734,-0.43666979670524597,-2.238729953765869,70.49723052978516,9.20181655883789,5.060266017913818,7.092529773712158,19.913341522216797,-3.3841495513916016,16.204801559448242,3.2815756797790527,-1.953105092048645,-1.3664602041244507,50.787498474121094,-4.347639560699463,2.470538854598999,-0.6605023741722107,2.110982894897461,63.8940315246582,1,0.6685412543084072,RiskPerformance,Alibi-Standard,MLP
48,63,309,36,112,17,2,1,68,7,2,4,19,0,16,0,1,1,54,-8,5,1,2,67,59.558834075927734,308.6445617675781,38.931190490722656,114.96044158935547,20.083375930786133,-0.4367438554763794,-2.245335102081299,70.48824310302734,9.193195343017578,5.065964221954346,7.097413063049316,19.901531219482422,-3.3928885459899902,16.188377380371094,3.2867989540100098,-1.9591182470321655,-1.3653088808059692,50.779869079589844,-4.336987495422363,2.469567060470581,-0.6596324443817139,2.131948947906494,63.891082763671875,1,0.6690628383545604,RiskPerformance,Alibi-Standard,MLP
49,63,309,36,112,17,2,1,68,7,2,4,19,0,16,0,1,1,54,-8,5,1,2,67,59.55326843261719,308.67950439453125,38.93282699584961,114.95957946777344,20.084291458129883,-0.43677112460136414,-2.251626968383789,70.47938537597656,9.184720039367676,5.071393966674805,7.102042198181152,19.889877319335938,-3.401217222213745,16.17188262939453,3.291685104370117,-1.9648252725601196,-1.364124059677124,50.772621154785156,-4.326844692230225,2.468689441680908,-0.6582021713256836,2.150339365005493,63.88839340209961,1,0.6695478335885636,RiskPerformance,Alibi-Standard,MLP
50,63,309,36,112,17,2,1,68,7,2,4,19,0,16,0,1,1,54,-8,5,1,2,67,59.54804229736328,308.7132873535156,38.93425750732422,114.95858764648438,20.085039138793945,-0.4367578625679016,-2.257620334625244,70.47067260742188,9.17640209197998,5.076567649841309,7.1064300537109375,19.87839698791504,-3.4091522693634033,16.155380249023438,3.2962558269500732,-1.9702413082122803,-1.3629142045974731,50.7657356262207,-4.3171892166137695,2.467897891998291,-0.656272828578949,2.166437864303589,63.885948181152344,1,0.6699989028747877,RiskPerformance,Alibi-Standard,MLP
51,63,309,36,112,17,2,1,68,7,2,4,19,0,16,0,1,1,54,-8,5,1,2,67,59.54313659667969,308.7459411621094,38.93550109863281,114.95748901367188,20.085634231567383,-0.43670961260795593,-2.2633285522460938,70.46211242675781,9.168251037597656,5.081496715545654,7.110588550567627,19.86710548400879,-3.4167096614837646,16.138933181762695,3.3005316257476807,-1.9753804206848145,-1.3616870641708374,50.75919723510742,-4.308000087738037,2.467184543609619,-0.6539029479026794,2.1804988384246826,63.88372802734375,1,0.6704185747100103,RiskPerformance,Alibi-Standard,MLP
52,63,309,36,112,17,2,1,68,7,2,4,19,0,16,0,1,1,54,-8,5,1,2,67,59.53852844238281,308.7774658203125,38.93657302856445,114.95629119873047,20.08609390258789,-0.43663132190704346,-2.2687642574310303,70.45372772216797,9.160277366638184,5.0861921310424805,7.114528656005859,19.856021881103516,-3.4239041805267334,16.12259864807129,3.3045315742492676,-1.9802557229995728,-1.3604496717453003,50.75299072265625,-4.299258232116699,2.466542959213257,-0.6511485576629639,2.1927504539489746,63.8817138671875,1,0.6708091276114646,RiskPerformance,Alibi-Standard,MLP
53,63,309,36,112,17,2,1,68,7,2,4,19,0,16,0,1,1,54,-8,5,1,2,67,59.534202575683594,308.807861328125,38.9374885559082,114.95501708984375,20.08643341064453,-0.43652746081352234,-2.2739386558532715,70.4455337524414,9.15248966217041,5.090662956237793,7.118261337280273,19.84516143798828,-3.4307496547698975,16.106430053710938,3.3082733154296875,-1.984879493713379,-1.359208583831787,50.747100830078125,-4.290945529937744,2.4659667015075684,-0.6480627655982971,2.203397274017334,63.87989044189453,1,0.6711726330952039,RiskPerformance,Alibi-Standard,MLP
54,63,309,36,112,17,2,1,68,7,2,4,19,0,16,0,1,1,54,-8,5,1,2,67,59.53014373779297,308.8371276855469,38.93825912475586,114.95368194580078,20.086666107177734,-0.43640199303627014,-2.278862476348877,70.43753051757812,9.1448974609375,5.094918251037598,7.121795654296875,19.83453941345215,-3.4372594356536865,16.090476989746094,3.3117730617523193,-1.9892630577087402,-1.3579697608947754,50.74151611328125,-4.283044815063477,2.4654500484466553,-0.6446959376335144,2.21262264251709,63.87824630737305,1,0.6715109606885976,RiskPerformance,Alibi-Standard,MLP
55,63,309,36,112,17,2,1,68,7,2,4,19,0,16,0,1,1,54,-8,5,1,2,67,59.526336669921875,308.8652648925781,38.93890380859375,114.95230102539062,20.086803436279297,-0.4362585246562958,-2.2835452556610107,70.42974090576172,9.137508392333984,5.098966598510742,7.12514066696167,19.82417106628418,-3.4434454441070557,16.074787139892578,3.3150458335876465,-1.9934169054031372,-1.3567386865615845,50.73622512817383,-4.275539875030518,2.4649875164031982,-0.6410956978797913,2.220590591430664,63.87676239013672,1,0.6718258719041834,RiskPerformance,Alibi-Standard,MLP
56,63,309,36,112,17,2,1,68,7,2,4,19,0,16,0,1,1,54,-8,5,1,2,67,59.52276611328125,308.89227294921875,38.939430236816406,114.95088958740234,20.08685874938965,-0.4361003041267395,-2.2879960536956787,70.42216491699219,9.130330085754395,5.1028151512146,7.128304958343506,19.814071655273438,-3.449319362640381,16.05940055847168,3.318105459213257,-1.997350811958313,-1.3555203676223755,50.73121643066406,-4.268416404724121,2.4645745754241943,-0.6373069286346436,2.2274482250213623,63.875431060791016,1,0.6721189307697668,RiskPerformance,Alibi-Standard,MLP
57,63,309,36,112,17,2,1,68,7,2,4,19,0,16,0,1,1,54,-8,5,1,2,67,59.5194206237793,308.91815185546875,38.93985366821289,114.94945526123047,20.086843490600586,-0.4359302520751953,-2.292222738265991,70.4148178100586,9.123370170593262,5.106471061706543,7.131295680999756,19.804256439208984,-3.4548914432525635,16.04435920715332,3.320964813232422,-2.0010738372802734,-1.354319453239441,50.726478576660156,-4.261661052703857,2.4642066955566406,-0.6333717703819275,2.2333269119262695,63.874237060546875,1,0.6723915866097262,RiskPerformance,Alibi-Standard,MLP
58,63,309,36,112,17,2,1,68,7,2,4,19,0,16,0,1,1,54,-8,5,1,2,67,59.51628494262695,308.9429016113281,38.940181732177734,114.94800567626953,20.08676528930664,-0.4357509911060333,-2.2962329387664795,70.40770721435547,9.1166353225708,5.109940528869629,7.134119510650635,19.794736862182617,-3.460171699523926,16.029699325561523,3.3236355781555176,-2.004594087600708,-1.3531402349472046,50.72200393676758,-4.255260944366455,2.4638800621032715,-0.6293298006057739,2.2383439540863037,63.8731689453125,1,0.6726451355373687,RiskPerformance,Alibi-Standard,MLP
59,63,309,36,112,17,2,1,68,7,2,4,19,0,16,0,1,1,54,-8,5,1,2,67,59.51335144042969,308.966552734375,38.9404296875,114.9465560913086,20.08663558959961,-0.43556496500968933,-2.3000333309173584,70.40084838867188,9.110133171081543,5.113229274749756,7.136783123016357,19.7855281829834,-3.4651691913604736,16.015457153320312,3.3261284828186035,-2.0079193115234375,-1.3519866466522217,50.71778106689453,-4.249204635620117,2.463590621948242,-0.6252180933952332,2.2426042556762695,63.872215270996094,1,0.6728808410309542,RiskPerformance,Alibi-Standard,MLP
60,63,309,36,112,17,2,1,68,7,2,4,19,0,16,0,1,1,54,-8,5,1,2,67,59.5106086730957,308.98907470703125,38.94060134887695,114.94511413574219,20.08646011352539,-0.43537434935569763,-2.3036301136016846,70.39424133300781,9.103869438171387,5.116342544555664,7.139292240142822,19.776641845703125,-3.4698922634124756,16.001663208007812,3.328453302383423,-2.011056423187256,-1.3508622646331787,50.713802337646484,-4.243481159210205,2.4633352756500244,-0.6210712790489197,2.246201753616333,63.871368408203125,1,0.6730997308637755,RiskPerformance,Alibi-Standard,MLP
61,63,309,36,112,17,2,1,68,7,2,4,19,0,16,0,1,1,54,-8,5,1,2,67,59.5080451965332,309.010498046875,38.940711975097656,114.94369506835938,20.08624839782715,-0.4351811707019806,-2.3070287704467773,70.38789367675781,9.097850799560547,5.119284629821777,7.141652584075928,19.768091201782227,-3.474348783493042,15.988346099853516,3.3306193351745605,-2.014011859893799,-1.349770426750183,50.71005630493164,-4.238080978393555,2.4631106853485107,-0.6169217228889465,2.2492198944091797,63.87062072753906,1,0.6733028925851022,RiskPerformance,Alibi-Standard,MLP
62,63,309,36,112,17,2,1,68,7,2,4,19,0,16,0,1,1,54,-8,5,1,2,67,59.50565719604492,309.0279235839844,38.940765380859375,114.94229888916016,20.086008071899414,-0.43498724699020386,-2.310234308242798,70.3818130493164,9.092083930969238,5.122060298919678,7.143868923187256,19.759885787963867,-3.478545665740967,15.981395721435547,3.332634687423706,-2.016791343688965,-1.3487142324447632,50.706539154052734,-4.23299503326416,2.462913751602173,-0.6127995848655701,2.2517333030700684,63.86996078491211,1,0.6734977175593098,RiskPerformance,Alibi-Standard,MLP
63,63,309,36,112,17,2,1,68,7,2,4,19,0,16,0,1,1,54,-8,5,1,2,67,59.50343322753906,309.0419006347656,38.94076919555664,114.94093322753906,20.085744857788086,-0.4347941279411316,-2.313251256942749,70.37600708007812,9.08657455444336,5.124672889709473,7.145946025848389,19.752037048339844,-3.482489585876465,15.979446411132812,3.3345069885253906,-2.019400119781494,-1.3476965427398682,50.703243255615234,-4.228215217590332,2.4627420902252197,-0.6087326407432556,2.25380802154541,63.869380950927734,1,0.6736833217130669,RiskPerformance,Alibi-Standard,MLP
64,63,309,36,112,17,2,1,68,7,2,4,19,0,16,0,1,1,54,-8,5,1,2,67,59.501365661621094,309.05291748046875,38.940731048583984,114.93960571289062,20.085464477539062,-0.4346032738685608,-2.3160839080810547,70.3704833984375,9.081329345703125,5.127126216888428,7.147887706756592,19.744556427001953,-3.4861865043640137,15.981371879577637,3.336243152618408,-2.0218427181243896,-1.3467198610305786,50.70016098022461,-4.223733901977539,2.4625933170318604,-0.6047466397285461,2.255502939224243,63.868873596191406,1,0.6738590734410939,RiskPerformance,Alibi-Standard,MLP
65,63,309,36,112,17,2,1,68,7,2,4,19,0,16,0,1,1,54,-8,5,1,2,67,59.49945068359375,309.0614318847656,38.94065856933594,114.93832397460938,20.085172653198242,-0.43441593647003174,-2.3187355995178223,70.36524200439453,9.076354026794434,5.129423141479492,7.149698257446289,19.737451553344727,-3.4896419048309326,15.986236572265625,3.3378491401672363,-2.024123430252075,-1.345786452293396,50.697288513183594,-4.219544887542725,2.4624650478363037,-0.6008654832839966,2.2568700313568115,63.868431091308594,1,0.6740245229721941,RiskPerformance,Alibi-Standard,MLP
66,63,309,36,112,17,2,1,68,7,2,4,19,0,16,0,1,1,54,-8,5,1,2,67,59.4976806640625,309.0678405761719,38.94055938720703,114.93709564208984,20.084875106811523,-0.43423327803611755,-2.321209669113159,70.36029815673828,9.071653366088867,5.131566524505615,7.15138053894043,19.730731964111328,-3.4928603172302246,15.993266105651855,3.3393309116363525,-2.0262460708618164,-1.3448985815048218,50.694618225097656,-4.21564245223999,2.462355136871338,-0.5971113443374634,2.25795578956604,63.86804962158203,1,0.6741793957606754,RiskPerformance,Alibi-Standard,MLP
67,63,309,36,112,17,2,1,68,7,2,4,19,0,16,0,1,1,54,-8,5,1,2,67,59.49605178833008,309.072509765625,38.94043731689453,114.93592071533203,20.084575653076172,-0.43405643105506897,-2.3235089778900146,70.35565185546875,9.06723403930664,5.133558750152588,7.152938365936279,19.724407196044922,-3.4958465099334717,16.001815795898438,3.340693473815918,-2.0282139778137207,-1.3440581560134888,50.69214630126953,-4.2120208740234375,2.46226167678833,-0.5935049057006836,2.2588014602661133,63.86772155761719,1,0.674323527363397,RiskPerformance,Alibi-Standard,MLP
68,63,309,36,112,17,2,1,68,7,2,4,19,0,16,0,1,1,54,-8,5,1,2,67,59.49456024169922,309.0757141113281,38.94029998779297,114.93480682373047,20.084280014038086,-0.43388643860816956,-2.3256359100341797,70.35131072998047,9.063100814819336,5.135401725769043,7.154374122619629,19.71848487854004,-3.4986045360565186,16.008121490478516,3.3419413566589355,-2.0300302505493164,-1.3432673215866089,50.68987274169922,-4.208675384521484,2.4621829986572266,-0.5900653600692749,2.259443998336792,63.8674430847168,1,0.6744514488364144,RiskPerformance,Alibi-Standard,MLP
69,63,309,36,112,17,2,1,68,7,2,4,19,0,16,0,1,1,54,-8,5,1,2,67,59.49319839477539,309.0777282714844,38.940147399902344,114.93376159667969,20.0839900970459,-0.4337243437767029,-2.3275928497314453,70.34727478027344,9.059258460998535,5.137097358703613,7.1556901931762695,19.712974548339844,-3.5011377334594727,16.012577056884766,3.343078851699829,-2.0316977500915527,-1.3425278663635254,50.68778991699219,-4.205601692199707,2.4621174335479736,-0.586810827255249,2.259916067123413,63.86720657348633,1,0.6745646082065381,RiskPerformance,Alibi-Standard,MLP
70,63,309,36,112,17,2,1,68,7,2,4,19,0,16,0,1,1,54,-8,5,1,2,67,59.49196243286133,309.07879638671875,38.93999099731445,114.93278503417969,20.083709716796875,-0.4335711896419525,-2.3293817043304443,70.34355163574219,9.055712699890137,5.138647556304932,7.15688943862915,19.707883834838867,-3.5034496784210205,16.01552391052246,3.344109535217285,-2.0332188606262207,-1.3418415784835815,50.68589401245117,-4.20279598236084,2.4620635509490967,-0.5837581157684326,2.260247230529785,63.867008209228516,1,0.6746642601879891,RiskPerformance,Alibi-Standard,MLP
71,63,309,36,112,17,2,1,68,7,2,4,19,0,16,0,1,1,54,-8,5,1,2,67,59.49085235595703,309.0791320800781,38.9398307800293,114.931884765625,20.083444595336914,-0.43342798948287964,-2.3310041427612305,70.34014892578125,9.052468299865723,5.140053749084473,7.157973289489746,19.70322036743164,-3.5055432319641113,16.01726722717285,3.345036506652832,-2.0345957279205322,-1.3412103652954102,50.684181213378906,-4.200254917144775,2.462019681930542,-0.5809230804443359,2.2604637145996094,63.866844177246094,1,0.674751478951089,RiskPerformance,Alibi-Standard,MLP
72,63,309,36,112,17,2,1,68,7,2,4,19,0,16,0,1,1,54,-8,5,1,2,67,59.48986053466797,309.0788879394531,38.93967056274414,114.93106079101562,20.083194732666016,-0.43329569697380066,-2.3324615955352783,70.33706665039062,9.049529075622559,5.141316890716553,7.158944129943848,19.698993682861328,-3.5074210166931152,16.0180721282959,3.345862865447998,-2.03583025932312,-1.340635895729065,50.682647705078125,-4.197975158691406,2.461984634399414,-0.5783203840255737,2.2605888843536377,63.8667106628418,1,0.6748272100642128,RiskPerformance,Alibi-Standard,MLP
73,63,309,36,112,17,2,1,68,7,2,4,19,0,16,0,1,1,54,-8,5,1,2,67,59.48898696899414,309.0782470703125,38.939517974853516,114.9303207397461,20.082963943481445,-0.4331752061843872,-2.3337552547454834,70.33431243896484,9.046899795532227,5.142437934875488,7.15980339050293,19.695209503173828,-3.5090854167938232,16.018171310424805,3.346590995788574,-2.036924123764038,-1.34011971950531,50.68129348754883,-4.195953845977783,2.4619572162628174,-0.5759637355804443,2.260643482208252,63.86660385131836,1,0.6748923111106244,RiskPerformance,Alibi-Standard,MLP
74,63,309,36,112,17,2,1,68,7,2,4,19,0,16,0,1,1,54,-8,5,1,2,67,59.48822784423828,309.0773620605469,38.93937301635742,114.9296646118164,20.08275604248047,-0.43306735157966614,-2.334886074066162,70.33189392089844,9.044585227966309,5.143417835235596,7.160552501678467,19.691877365112305,-3.510538339614868,16.017770767211914,3.3472230434417725,-2.0378787517547607,-1.3396633863449097,50.680110931396484,-4.194189071655273,2.4619362354278564,-0.5738658308982849,2.260645866394043,63.866519927978516,1,0.6749475575952175,RiskPerformance,Alibi-Standard,MLP
75,63,309,36,112,17,2,1,68,7,2,4,19,0,16,0,1,1,54,-8,5,1,2,67,59.48758316040039,309.0763244628906,38.93924331665039,114.92909240722656,20.08257293701172,-0.4329729676246643,-2.3358547687530518,70.32980346679688,9.04258918762207,5.144257545471191,7.161192417144775,19.689001083374023,-3.5117812156677246,16.017047882080078,3.3477611541748047,-2.0386950969696045,-1.339268445968628,50.67910385131836,-4.192679405212402,2.4619204998016357,-0.5720385313034058,2.2606122493743896,63.866455078125,1,0.6749935298423606,RiskPerformance,Alibi-Standard,MLP
76,63,309,36,112,17,2,1,68,7,2,4,19,0,16,0,1,1,54,-8,5,1,2,67,59.4870491027832,309.07525634765625,38.93912887573242,114.9286117553711,20.082414627075195,-0.432892769575119,-2.3366618156433105,70.32805633544922,9.040916442871094,5.144957065582275,7.161724090576172,19.68659019470215,-3.512815475463867,16.016159057617188,3.3482067584991455,-2.039374351501465,-1.33893620967865,50.67826461791992,-4.191422939300537,2.461909294128418,-0.5704928040504456,2.260557174682617,63.86640548706055,1,0.675030838429003,RiskPerformance,Alibi-Standard,MLP
77,63,309,36,112,17,2,1,68,7,2,4,19,0,16,0,1,1,54,-8,5,1,2,67,59.48662185668945,309.07427978515625,38.93903350830078,114.92822265625,20.082284927368164,-0.4328274726867676,-2.3373074531555176,70.32665252685547,9.039570808410645,5.145516872406006,7.162148475646973,19.684648513793945,-3.513641834259033,16.015239715576172,3.3485612869262695,-2.0399169921875,-1.3386681079864502,50.67759704589844,-4.190418720245361,2.4619016647338867,-0.5692388415336609,2.260493278503418,63.866371154785156,1,0.6750599791629458,RiskPerformance,Alibi-Standard,MLP
78,63,309,36,112,17,2,1,68,7,2,4,19,0,16,0,1,1,54,-8,5,1,2,67,59.486305236816406,309.07342529296875,38.93895721435547,114.92792510986328,20.082185745239258,-0.43277767300605774,-2.337791919708252,70.32559204101562,9.038556098937988,5.145936965942383,7.162466526031494,19.683183670043945,-3.514261245727539,16.014408111572266,3.3488259315490723,-2.0403237342834473,-1.3384653329849243,50.67709732055664,-4.189665794372559,2.4618968963623047,-0.5682860016822815,2.2604317665100098,63.86634826660156,1,0.6750813051549472,RiskPerformance,Alibi-Standard,MLP
79,63,309,36,112,17,2,1,68,7,2,4,19,0,16,0,1,1,54,-8,5,1,2,67,59.4860954284668,309.07281494140625,38.93890380859375,114.92772674560547,20.08211898803711,-0.43274396657943726,-2.3381152153015137,70.32488250732422,9.03787612915039,5.146217346191406,7.162678241729736,19.682201385498047,-3.514674186706543,16.013769149780273,3.34900164604187,-2.0405948162078857,-1.3383289575576782,50.67676544189453,-4.189163684844971,2.4618942737579346,-0.5676429867744446,2.2603824138641357,63.8663330078125,1,0.6750952611134166,RiskPerformance,Alibi-Standard,MLP
80,63,309,36,112,17,2,1,68,7,2,4,19,0,16,0,1,1,54,-8,5,1,2,67,59.48598861694336,309.0724792480469,38.93887710571289,114.92762756347656,20.08208465576172,-0.4327268600463867,-2.3382771015167236,70.32452392578125,9.0375337600708,5.146357536315918,7.162784099578857,19.68170738220215,-3.514880657196045,16.013410568237305,3.3490893840789795,-2.0407304763793945,-1.338260293006897,50.676597595214844,-4.188912868499756,2.461893320083618,-0.56731778383255,2.2603540420532227,63.86632537841797,1,0.6751021343565897,RiskPerformance,Alibi-Standard,MLP
